name,dosage,form,active_substance,indications,contraindications,category
Мирамистин суппозитории вагинальные,15 мг ; 10 шт,суппозитории,бензилдиметил[3-(миристоиламино)пропил]аммоний хлорид моногидрат,гинекологические инфекции,,Акушерство и гинекология / Инфекции
Аллергофри,"5 мг, 10 шт",таблетки,левоцетиризина дигидрохлорид 5 мг,Лечение симптомов аллергических ринитов.,,Аллергия / Противоаллергические
Дезлоратадин таб п/об пленочной,5мг ; 30 шт,таблетки,дезлоратадин,"аллергический ринит, зуд, крапивница, аллергические реакции",,Аллергия / Противоаллергические
Диазолин,"100 мг, 10 шт",таблетки,диазолин (мебгидролина нападизилат),"Сенная лихорадка, аллергический ринит, поллиноз.",,Аллергия / Противоаллергические
Кестин,"20 мг, 10 шт",таблетки лиофилизированные,эбастин 20 мг,Аллергический ринит различной этиологии (сезонный и круглогодичный).,Повышенная чувствительность к компонентам препарата.,Аллергия / Противоаллергические
Контразуд гель для наружн.прим-я 0.1%,5г,гель,диметинден,"аллергический ринит, зуд, крапивница, аллергические реакции",,Аллергия / Противоаллергические
Лоратадин таб,10 мг ; 10 шт,таблетки,лоратадин,"аллергический ринит, зуд, крапивница, аллергические реакции",,Аллергия / Противоаллергические
Лоратадин таб,10 мг ; 30 шт,таблетки,лоратадин,"аллергический ринит, зуд, крапивница, аллергические реакции",,Аллергия / Противоаллергические
Лоратадин таб,10мг ; 10 шт,таблетки,лоратадин,"аллергический ринит, зуд, крапивница, аллергические реакции",,Аллергия / Противоаллергические
Лоратадин-Акрихин таблетки,10 мг ; 30 шт,таблетки,лоратадин,"аллергический ринит, зуд, крапивница, аллергические реакции",,Аллергия / Противоаллергические
Лоратадин-ВЕРТЕКС,"10 мг, 30 шт",таблетки,лоратадин 10 мг,Сезонный и круглогодичный аллергический ринит.,,Аллергия / Противоаллергические
Лоратадин-ВЕРТЕКС таб,10мг ; 10 шт,таблетки,лоратадин,"аллергический ринит, зуд, крапивница, аллергические реакции",,Аллергия / Противоаллергические
Лоратадин-Тева таб,10мг ; 10 шт,таблетки,лоратадин,"аллергический ринит, зуд, крапивница, аллергические реакции",,Аллергия / Противоаллергические
Лоратадин-ЭКОлаб сироп,1 мг/мл ; 1 мг ; 100 мл,сироп,лоратадин,"аллергический ринит, зуд, крапивница, аллергические реакции",,Аллергия / Противоаллергические
Налориус,"5 мг, 10 шт","таблетки, покрытые оболочкой",дезлоратадин 5 мг,Аллергический ринит; облегчение симптомов крапивницы.,Повышенная чувствительность к компонентам.,Аллергия / Противоаллергические
Сенсинор капли,10 мг/мл ; 10 мг ; 10 мл,капли,,"аллергический ринит, зуд, крапивница, аллергические реакции",,Аллергия / Противоаллергические
Супрастин раствор для инъекций,20мг/мл ; 20мг ; 1мл,раствор,хлоропирамин,"аллергический ринит, зуд, крапивница, аллергические реакции",,Аллергия / Противоаллергические
Супрастин таб,25мг ; 20 шт,таблетки,хлоропирамин,"аллергический ринит, зуд, крапивница, аллергические реакции",,Аллергия / Противоаллергические
Супрастин таб,25мг ; 40 шт,таблетки,хлоропирамин,"аллергический ринит, зуд, крапивница, аллергические реакции",,Аллергия / Противоаллергические
Супрастинекс капли,5мг/мл ; 5мг ; 20 мл,капли,левоцетиризин,"аллергический ринит, зуд, крапивница, аллергические реакции",,Аллергия / Противоаллергические
Супрастинекс таб,5мг ; 14 шт,таблетки,левоцетиризин,"аллергический ринит, зуд, крапивница, аллергические реакции",,Аллергия / Противоаллергические
Супрастинекс таб,5мг ; 7 шт,таблетки,левоцетиризин,"аллергический ринит, зуд, крапивница, аллергические реакции",,Аллергия / Противоаллергические
"Фенистил Гель средство при аллергии и для облегчения зуда, диметинден 0,1%",30 г,гель,диметинден,"аллергический ринит, зуд, крапивница, аллергические реакции",,Аллергия / Противоаллергические
"Фенистил Гель средство при аллергии и для облегчения зуда, раздражения и ожогов легкой степени, диметинден 0,1%",100 г,гель,диметинден,"аллергический ринит, зуд, крапивница, аллергические реакции",,Аллергия / Противоаллергические
"Фенистил Капли средство при аллергии и при кожном зуде, диметинден 0,1%",20 мл,капли,диметинден,"аллергический ринит, зуд, крапивница, аллергические реакции",,Аллергия / Противоаллергические
"Фенистил Эмульсия средство при аллергии и для облегчения зуда, диметинден 0,1%",8 мл,эмульсия,диметинден,"аллергический ринит, зуд, крапивница, аллергические реакции",,Аллергия / Противоаллергические
Хлоропирамин раствор,20 мг/мл ; 20 мг ; 2 мл ; 10 шт,раствор,хлоропирамин,"аллергический ринит, зуд, крапивница, аллергические реакции",,Аллергия / Противоаллергические
Хлоропирамин раствор для инъекций,20 мг/мл ; 20 мг ; 1 мл ; 5 шт,раствор,хлоропирамин,"аллергический ринит, зуд, крапивница, аллергические реакции",,Аллергия / Противоаллергические
Цетиризин Реневал капли для вн.пр,10мг/мл ; 10мг ; 20мл,капли,цетиризин,"аллергический ринит, зуд, крапивница, аллергические реакции",,Аллергия / Противоаллергические
Цетиризин капли,10 мг/мл ; 10 мг ; 20 мл,капли,цетиризин,"аллергический ринит, зуд, крапивница, аллергические реакции",,Аллергия / Противоаллергические
Цетиризин таб,10 мг ; 20 шт,таблетки,цетиризин,"аллергический ринит, зуд, крапивница, аллергические реакции",,Аллергия / Противоаллергические
Цетиризин таб,10 мг ; 20 шт,таблетки,цетиризин,"аллергический ринит, зуд, крапивница, аллергические реакции",,Аллергия / Противоаллергические
Цетиризин таб,10 мг ; 20 шт,таблетки,цетиризин,"аллергический ринит, зуд, крапивница, аллергические реакции",,Аллергия / Противоаллергические
Цетиризин таб п/об пленочной,10мг ; 10 шт,таблетки,цетиризин,"аллергический ринит, зуд, крапивница, аллергические реакции",,Аллергия / Противоаллергические
Цетиризин-АКОС таб,10 мг ; 30 шт,таблетки,цетиризин,"аллергический ринит, зуд, крапивница, аллергические реакции",,Аллергия / Противоаллергические
Цетиризин-ВЕРТЕКС таб,10 мг ; 20 шт,таблетки,цетиризин,"аллергический ринит, зуд, крапивница, аллергические реакции",,Аллергия / Противоаллергические
Цетиризин-Тева таб п/п/об,10мг ; 20 шт,таблетки,цетиризин,"аллергический ринит, зуд, крапивница, аллергические реакции",,Аллергия / Противоаллергические
Цетрин капли,10 мг/мл ; 10 мг ; 20 мл,капли,цетиризин,"аллергический ринит, зуд, крапивница, аллергические реакции",,Аллергия / Противоаллергические
Цетрин таб,10 мг ; 20 шт,таблетки,цетиризин,"аллергический ринит, зуд, крапивница, аллергические реакции",,Аллергия / Противоаллергические
Цетрин таб,10 мг ; 30 шт,таблетки,цетиризин,"аллергический ринит, зуд, крапивница, аллергические реакции",,Аллергия / Противоаллергические
Эритадин сироп,0.5 мг/мл ; 0.5 мг ; 60 мл,сироп,дезлоратадин,"аллергический ринит, зуд, крапивница, аллергические реакции",,Аллергия / Противоаллергические
Эриус раствор,"0,5 мг/мл ; 0,5 мг ; 60 мл",раствор,дезлоратадин,"аллергический ринит, зуд, крапивница, аллергические реакции",,Аллергия / Противоаллергические
"Эриус, таблетки от аллергии",10 шт,таблетки,дезлоратадин,"аллергический ринит, зуд, крапивница, аллергические реакции",,Аллергия / Противоаллергические
"Эриус, таблетки от аллергии",20 шт,таблетки,дезлоратадин,"аллергический ринит, зуд, крапивница, аллергические реакции",,Аллергия / Противоаллергические
Но-шпа Дуо таб,40мг ; 500мг ; 12 шт,таблетки,дротаверин + парацетамол,,,Анальгетики и спазмолитики / Боль
Нурофен Интенсив таб п/п/об,200мг ; 500мг ; 6 шт,таблетки,ибупрофен + парацетамол,,,Анальгетики и спазмолитики / Боль
Цитрамон П Реневал таб,10 шт,таблетки,ацетилсалициловая кислота + парацетамол + кофеин,,,Анальгетики и спазмолитики / Боль
Цитрамон П таб,20 шт,таблетки,ацетилсалициловая кислота + парацетамол + кофеин,,,Анальгетики и спазмолитики / Боль
Цитрамон П таб,30 шт,таблетки,ацетилсалициловая кислота + парацетамол + кофеин,,,Анальгетики и спазмолитики / Боль
Цитрамон П таб,50 шт,таблетки,ацетилсалициловая кислота + парацетамол + кофеин,,,Анальгетики и спазмолитики / Боль
Цитрамон П форте таб,10 шт,таблетки,ацетилсалициловая кислота + парацетамол + кофеин,,,Анальгетики и спазмолитики / Боль
Азитромицин Велфарм капс,250 мг ; 6 шт,капсулы,азитромицин,бактериальные инфекции,,"Антибиотики, противомикробные и противопаразитарные / Антибиотики"
Азитромицин Реневал таб,500 мг ; 3 шт,таблетки,азитромицин,бактериальные инфекции,,"Антибиотики, противомикробные и противопаразитарные / Антибиотики"
Азитромицин Экомед порошок,"100 мг ; 16,5 г ; 5 мл",порошок,азитромицин,бактериальные инфекции,,"Антибиотики, противомикробные и противопаразитарные / Антибиотики"
Азитромицин таб,500 мг ; 3 шт,таблетки,азитромицин,бактериальные инфекции,,"Антибиотики, противомикробные и противопаразитарные / Антибиотики"
Азитромицин таб,500 мг ; 3 шт,таблетки,азитромицин,бактериальные инфекции,,"Антибиотики, противомикробные и противопаразитарные / Антибиотики"
Азитромицин форте-OBL таб,500 мг ; 3 шт,таблетки,азитромицин,бактериальные инфекции,,"Антибиотики, противомикробные и противопаразитарные / Антибиотики"
Азитромицин-Акрихин таблетки покрытые пленочной оболочкой,500 мг ; 3 шт,таблетки,азитромицин,бактериальные инфекции,,"Антибиотики, противомикробные и противопаразитарные / Антибиотики"
Азитромицин-ВЕРТЕКС таб,500 мг ; 3 шт,таблетки,азитромицин,бактериальные инфекции,,"Антибиотики, противомикробные и противопаразитарные / Антибиотики"
Азитромицин-Тева таб диспергируемые,500 мг ; 3 шт,таблетки,азитромицин,бактериальные инфекции,,"Антибиотики, противомикробные и противопаразитарные / Антибиотики"
Амоксиклав квиктаб таб дисперг,250мг ; 62.5мг ; 20 шт,таблетки,амоксициллин + клавулановая кислота,бактериальные инфекции,,"Антибиотики, противомикробные и противопаразитарные / Антибиотики"
Амоксиклав квиктаб таб дисперг,500мг ; 125мг ; 14 шт,таблетки,амоксициллин + клавулановая кислота,бактериальные инфекции,,"Антибиотики, противомикробные и противопаразитарные / Антибиотики"
Амоксиклав квиктаб таб дисперг,875мг ; 125мг ; 14 шт,таблетки,амоксициллин + клавулановая кислота,бактериальные инфекции,,"Антибиотики, противомикробные и противопаразитарные / Антибиотики"
Амоксиклав порошок,125 мг ; 31.25 мг ; 5 мл ; 100 мл,порошок,амоксициллин + клавулановая кислота,бактериальные инфекции,,"Антибиотики, противомикробные и противопаразитарные / Антибиотики"
Амоксиклав порошок,250 мг ; 62.5 мг ; 5 мл ; 100 мл,порошок,амоксициллин + клавулановая кислота,бактериальные инфекции,,"Антибиотики, противомикробные и противопаразитарные / Антибиотики"
Амоксиклав порошок,400 мг ; 57 мг ; 5 мл ; 140 мл,порошок,амоксициллин + клавулановая кислота,бактериальные инфекции,,"Антибиотики, противомикробные и противопаразитарные / Антибиотики"
Амоксиклав порошок для приг.сусп.для приема внутрь,400мг ; 57мг ; 22г ; 5мл,порошок,амоксициллин + клавулановая кислота,бактериальные инфекции,,"Антибиотики, противомикробные и противопаразитарные / Антибиотики"
Амоксиклав порошок для приготовления раствора для инъекций,,порошок,амоксициллин + клавулановая кислота,бактериальные инфекции,,"Антибиотики, противомикробные и противопаразитарные / Антибиотики"
Амоксиклав таб п/об пленочной,875мг ; 125мг ; 14 шт,таблетки,амоксициллин + клавулановая кислота,бактериальные инфекции,,"Антибиотики, противомикробные и противопаразитарные / Антибиотики"
Амоксициллин капс.,250мг ; 16 шт,капсулы,амоксициллин,бактериальные инфекции,,"Антибиотики, противомикробные и противопаразитарные / Антибиотики"
Амоксициллин капс.,500мг ; 16 шт,капсулы,амоксициллин,бактериальные инфекции,,"Антибиотики, противомикробные и противопаразитарные / Антибиотики"
Амоксициллин капс.,500мг ; 16 шт,капсулы,амоксициллин,бактериальные инфекции,,"Антибиотики, противомикробные и противопаразитарные / Антибиотики"
Амоксициллин+клавулановая кислота экспресс таб,,таблетки,амоксициллин + клавулановая кислота,бактериальные инфекции,,"Антибиотики, противомикробные и противопаразитарные / Антибиотики"
Аквазан Повидон-Йод раствор 10%,50 мл,раствор,повидон-йод,антисептическая обработка кожи и слизистых,,Кожа / Антисептики
Бетадин раствор 10%,1000мл,раствор,повидон-йод,антисептическая обработка кожи и слизистых,,Кожа / Антисептики
Бетадин раствор 10%,120мл,раствор,повидон-йод,антисептическая обработка кожи и слизистых,,Кожа / Антисептики
Бетадин раствор 10%,30мл,раствор,повидон-йод,антисептическая обработка кожи и слизистых,,Кожа / Антисептики
Винилин,50 г,жидкость для приема внутрь и наружного применения,поливинокс (винилин) 100 г,"Наружно: фурункулы, карбункулы, трофические язвы.",,Кожа / Антисептики
Йод раствор спиртовой 5%,25 мл,раствор,йод,антисептическая обработка кожи и слизистых,,Кожа / Антисептики
Мирамистин,"0.01%, 150 мл",раствор с распылителем,бензилдиметил,Комплексное лечение острого и хронического тонзиллита и других инфекций в ЛОР-практике.,,Кожа / Антисептики
Мирамистин раствор 0.01%,50 мл,раствор,бензилдиметил[3-(миристоиламино)пропил]аммоний хлорид моногидрат,антисептическая обработка кожи и слизистых,,Кожа / Антисептики
Мирамистин раствор 0.01%,500мл,раствор,бензилдиметил[3-(миристоиламино)пропил]аммоний хлорид моногидрат,антисептическая обработка кожи и слизистых,,Кожа / Антисептики
Мирамистин раствор для мест.пр. 0.01%,50мл,раствор,бензилдиметил[3-(миристоиламино)пропил]аммоний хлорид моногидрат,антисептическая обработка кожи и слизистых,,Кожа / Антисептики
Повидон-йод р-р д/мест.и нар.прим-я 10%,120мл,,повидон-йод,антисептическая обработка кожи и слизистых,,Кожа / Антисептики
Повидон-йод р-р д/мест.и нар.прим-я 10%,30мл,,повидон-йод,антисептическая обработка кожи и слизистых,,Кожа / Антисептики
Фурацилин Renewal,"20 мг, 20 шт",таблетки,нитрофурал (фурацилин) 20 мг,"Наружно: гнойные раны, пролежни, ожоги II–III степени.",,Кожа / Антисептики
"Хлоргексидин раствор 0,05%",100 мл,раствор,хлоргексидин,антисептическая обработка кожи и слизистых,,Кожа / Антисептики
"Хлоргексидин раствор 0,05%",100 мл,раствор,хлоргексидин,антисептическая обработка кожи и слизистых,,Кожа / Антисептики
Хлоргексидин раствор для наружн.прим-я спиртовой 0.5,,раствор,,антисептическая обработка кожи и слизистых,,Кожа / Антисептики
"Хлоргексидин раствор спиртовой 0,5%",100 мл,раствор,хлоргексидин,антисептическая обработка кожи и слизистых,,Кожа / Антисептики
Хлоргексидина биглюконат 0.05%,100 мл,,хлоргексидин,антисептическая обработка кожи и слизистых,,Кожа / Антисептики
Хлоргексидина биглюконат средство дезинфицирующее раствор водный 0.05%,150мл,раствор,хлоргексидин,антисептическая обработка кожи и слизистых,,Кожа / Антисептики
Хлоргексидина биглюконат средство для дезинфекции 0.05%,150 мл,,хлоргексидин,антисептическая обработка кожи и слизистых,,Кожа / Антисептики
Хлоргексидина биглюконат-сфф средство для дезинфекции 0.05%,200мл,,хлоргексидин,антисептическая обработка кожи и слизистых,,Кожа / Антисептики
Радевит Актив,35 г,мазь,ретинола пальмитат (витамин А) и другие витамины,Комплексная терапия взрослых и детей при дерматитах.,,Кожа / Дерматиты
Тридерм,15 г,мазь для наружного применения,бетаметазона дипропионат + клотримазол + гентамицин,"Дерматозы, осложненные инфекциями.",,Кожа / Дерматиты
Банеоцин мазь,20 г,мазь,бацитрацин + неомицин,"раны, ожоги, повреждения кожи",,Кожа / Раны и повреждения кожи
Банеоцин мазь,5 г,мазь,бацитрацин + неомицин,"раны, ожоги, повреждения кожи",,Кожа / Раны и повреждения кожи
Банеоцин порошок,10 г,порошок,бацитрацин + неомицин,"раны, ожоги, повреждения кожи",,Кожа / Раны и повреждения кожи
Бацидерм мазь,20 г,мазь,бацитрацин + неомицин,"раны, ожоги, повреждения кожи",,Кожа / Раны и повреждения кожи
Бацидерм порошок,10 г,порошок,бацитрацин + неомицин,"раны, ожоги, повреждения кожи",,Кожа / Раны и повреждения кожи
Левомеколь мазь,10 г,мазь,хлорамфеникол + метилурацил,"раны, ожоги, инфицированные повреждения кожи",,Кожа / Раны и повреждения кожи
Левомеколь мазь,40 г,мазь,хлорамфеникол + метилурацил,"раны, ожоги, инфицированные повреждения кожи",,Кожа / Раны и повреждения кожи
Мирамистин мазь 0.5%,30г,мазь,бензилдиметил[3-(миристоиламино)пропил]аммоний хлорид моногидрат,"раны, ожоги, инфицированные повреждения кожи",,Кожа / Раны и повреждения кожи
Необацитрин порошок,10 г,порошок,бацитрацин + неомицин,"раны, ожоги, повреждения кожи",,Кожа / Раны и повреждения кожи
Олазоль,80 г,аэрозоль,облепиховое масло 7 г и комбинированный состав,"Инфицированные раны, в том числе вялозаживающие.",,Кожа / Раны и повреждения кожи
Ранавексим порошок,10 г,порошок,сульфаниламид,"раны, ожоги, повреждения кожи",,Кожа / Раны и повреждения кожи
Стрептоцид порошок,10 г,порошок,сульфаниламид,"раны, ожоги, повреждения кожи",,Кожа / Раны и повреждения кожи
Мебикар,"500 мг, 20 шт",таблетки,мебикар,Неврозы и неврозоподобные состояния.,,Неврология и психиатрия / Анксиолитики
Аксамон,"20 мг, 50 шт",таблетки,ипидакрина гидрохлорида моногидрат,Заболевания периферической нервной системы.,,Неврология и психиатрия / Болезнь Альцгеймера
Bioforte Гинкго билоба + Глицин + Витамин В6 капс,30 шт,капсулы,глицин + гинкго билоба,"поддержка когнитивных функций, памяти и внимания",,Неврология и психиатрия / Ноотропы
Актитропил,"100 мг, 30 шт",таблетки,фонтурацетам,Заболевания ЦНС различного генеза.,,Неврология и психиатрия / Ноотропы
Гинкго билоба,120 мг ; 60 шт,таблетки,гинкго билоба + глицин,"поддержка когнитивных функций, памяти и внимания",,Неврология и психиатрия / Ноотропы
Гинкго билоба + Глицин таб,60 шт,таблетки,глицин + гинкго билоба,"поддержка когнитивных функций, памяти и внимания",,Неврология и психиатрия / Ноотропы
Глиатилин,"400 мг, 14 шт",капсулы,холина альфосцерат 400 мг,Нарушения мозгового кровообращения.,,Неврология и психиатрия / Ноотропы
Глирикум Глицин+Гинкго таб,25 шт,таблетки,глицин + растительные компоненты,"поддержка когнитивных функций, памяти и внимания",,Неврология и психиатрия / Ноотропы
Кортексин,"5 мг, 10 шт",лиофилизат,кортексин 5 мг,В комплексной терапии нарушений мозгового кровообращения.,,Неврология и психиатрия / Ноотропы
Семакс,"0.1%, 3 мл",капли назальные,семакс 1 г/л,"Интеллектуально-мнестические расстройства, состояния после ЧМТ и инсульта, невротические расстройства, СДВГ у детей старше 7 лет.",Повышенная чувствительность; дети до 7 лет; беременность; лактация; острые психические состояния; тревожные расстройства; судороги в анамнезе.,Неврология и психиатрия / Ноотропы
Глицин+Мелатонин Эвалар,100 мг ; 3 мг,таблетки,глицин + мелатонин,нарушения сна,,Неврология и психиатрия / Снотворные
Ницерголин,"10 мг, 30 шт","таблетки, покрытые оболочкой",ницерголин,Симптоматическая терапия когнитивных нарушений.,,Неврология и психиатрия / Улучшение мозгового кровообращения
Циннаризин Авексима,"25 мг, 50 шт",таблетки,"циннаризин 0,025 г","Нарушения мозгового кровообращения: головокружение, шум в ушах.",,Неврология и психиатрия / Улучшение мозгового кровообращения
Tetralab таб для расс. аминоглицин ультра,900мг ; 90 шт,таблетки,глицин,"тревога, стресс, раздражительность, нарушения сна",,Неврология и психиатрия / Успокоительные и седативные
АФОБАЗОЛ РЕТАРД таб,30 мг ; 20 шт,таблетки,фабомотизол,"тревога, стресс, раздражительность, нарушения сна",,Неврология и психиатрия / Успокоительные и седативные
Атревозол таб,10 мг ; 60 шт,таблетки,,"тревога, стресс, раздражительность, нарушения сна",,Неврология и психиатрия / Успокоительные и седативные
Афобазол таб,10 мг ; 60 шт,таблетки,фабомотизол,"тревога, стресс, раздражительность, нарушения сна",,Неврология и психиатрия / Успокоительные и седативные
Биокор Глицин с витаминами В1 и В6 таб,50 шт,таблетки,глицин + витамины B1 и B6,"тревога, стресс, раздражительность, нарушения сна",,Неврология и психиатрия / Успокоительные и седативные
Глирикум Глицин+Зверобой капс,30 шт,капсулы,глицин + растительные компоненты,"тревога, стресс, раздражительность, нарушения сна",,Неврология и психиатрия / Успокоительные и седативные
Ново-Пассит раствор для вн.пр,100мл,раствор,гвайфенезин + растительные экстракты,"тревога, стресс, раздражительность, нарушения сна",,Неврология и психиатрия / Успокоительные и седативные
Ново-Пассит раствор для вн.пр,200мл,раствор,гвайфенезин + растительные экстракты,"тревога, стресс, раздражительность, нарушения сна",,Неврология и психиатрия / Успокоительные и седативные
Ново-Пассит таб п/п/об,10 шт,таблетки,гвайфенезин + растительные экстракты,"тревога, стресс, раздражительность, нарушения сна",,Неврология и психиатрия / Успокоительные и седативные
Ново-Пассит таб п/п/об,30 шт,таблетки,гвайфенезин + растительные экстракты,"тревога, стресс, раздражительность, нарушения сна",,Неврология и психиатрия / Успокоительные и седативные
Ново-Пассит таб п/п/об,60 шт,таблетки,гвайфенезин + растительные экстракты,"тревога, стресс, раздражительность, нарушения сна",,Неврология и психиатрия / Успокоительные и седативные
Успокаивающий капс,60 шт,капсулы,,"тревога, стресс, раздражительность, нарушения сна",,Неврология и психиатрия / Успокоительные и седативные
Полисорб МП порошок,12 г,порошок,кремния диоксид коллоидный,"диарея, интоксикация, отравления",,Пищеварительный тракт / Адсорбенты
Полисорб МП порошок,25 г,порошок,кремния диоксид коллоидный,"диарея, интоксикация, отравления",,Пищеварительный тракт / Адсорбенты
Полисорб МП порошок,3 г ; 10 шт,порошок,кремния диоксид коллоидный,"диарея, интоксикация, отравления",,Пищеварительный тракт / Адсорбенты
Полисорб МП порошок,50 г,порошок,кремния диоксид коллоидный,"диарея, интоксикация, отравления",,Пищеварительный тракт / Адсорбенты
Смекта паста для приема внутрь пак,8 шт,паста,смектит диоктаэдрический,"диарея, интоксикация, отравления",,Пищеварительный тракт / Адсорбенты
"Смекта порошок для приготовления суспензии, апельсиновый",3 г ; 20 шт,порошок,смектит диоктаэдрический,"диарея, интоксикация, отравления",,Пищеварительный тракт / Адсорбенты
"Смекта порошок для приготовления суспензии, ванильный",3 г ; 20 шт,порошок,смектит диоктаэдрический,"диарея, интоксикация, отравления",,Пищеварительный тракт / Адсорбенты
"Смекта порошок для приготовления суспензии, клубничный",3 г ; 30 шт,порошок,смектит диоктаэдрический,"диарея, интоксикация, отравления",,Пищеварительный тракт / Адсорбенты
Смекта суспензия карамель/ какао,3 г ; 8 шт,суспензия,смектит диоктаэдрический,"диарея, интоксикация, отравления",,Пищеварительный тракт / Адсорбенты
Уголь активированный Renewal,"250 мг, 30 шт",таблетки,"уголь активированный 0,25 г",Экзогенные и эндогенные интоксикации различного происхождения.,,Пищеварительный тракт / Адсорбенты
Уголь активированный Авексима,"250 мг, 50 шт",таблетки,уголь активированный 250 мг,Экзогенные и эндогенные интоксикации различного происхождения.,,Пищеварительный тракт / Адсорбенты
Уголь активированный Медисорб,"250 мг, 20 шт",таблетки,уголь активированный 250 мг,Детоксицирующее средство при интоксикациях.,,Пищеварительный тракт / Адсорбенты
Уголь активированный Фармстандарт,"250 мг, 30 шт",таблетки,активированный уголь 250 мг,Детоксицирующее средство при интоксикациях.,,Пищеварительный тракт / Адсорбенты
Энтеросгель паста для приема внутрь,22.5 г ; 10 шт,паста,полиметилсилоксана полигидрат,"диарея, интоксикация, отравления",,Пищеварительный тракт / Адсорбенты
Энтеросгель паста для приема внутрь,225 г,паста,полиметилсилоксана полигидрат,"диарея, интоксикация, отравления",,Пищеварительный тракт / Адсорбенты
"Энтеросгель паста для приема внутрь, сладкая",225 г,паста,полиметилсилоксана полигидрат,"диарея, интоксикация, отравления",,Пищеварительный тракт / Адсорбенты
Симеотик бэби,"100 мг/мл, 30 мл",капли для приема внутрь,симетикон 100 мг/мл,,Повышенная чувствительность к компонентам препарата.,Пищеварительный тракт / Ветрогонные
Аллохол,10 шт,"таблетки, покрытые оболочкой",желчь крупного рогатого скота 80 мг,,"Гиперчувствительность, калькулезный холецистит.",Пищеварительный тракт / Желчегонные
Линекс Форте капс,14 шт,капсулы,пробиотики,"дисбактериоз, восстановление микрофлоры кишечника",,Пищеварительный тракт / Нормализация микрофлоры
Линекс Форте капс,28 шт,капсулы,пробиотики,"дисбактериоз, восстановление микрофлоры кишечника",,Пищеварительный тракт / Нормализация микрофлоры
Линекс капс,16 шт,капсулы,пробиотики,"дисбактериоз, восстановление микрофлоры кишечника",,Пищеварительный тракт / Нормализация микрофлоры
Линекс капс,32 шт,капсулы,пробиотики,"дисбактериоз, восстановление микрофлоры кишечника",,Пищеварительный тракт / Нормализация микрофлоры
Метилурацил,"500 мг, 10 шт",суппозитории ректальные,диоксометилтетрагидропиримидин,,"Гиперчувствительность, лейкоз.",Пищеварительный тракт / Противовоспалительные
Лоперамид Велфарм капс,2 мг ; 10 шт,капсулы,лоперамид,острая и хроническая диарея,,Пищеварительный тракт / Противодиарейные
Лоперамид Реневал капс,2мг ; 10 шт,капсулы,лоперамид,острая и хроническая диарея,,Пищеварительный тракт / Противодиарейные
Лоперамид капс.,2мг ; 10 шт,капсулы,лоперамид,острая и хроническая диарея,,Пищеварительный тракт / Противодиарейные
Лоперамид капс.,2мг ; 20 шт,капсулы,лоперамид,острая и хроническая диарея,,Пищеварительный тракт / Противодиарейные
Лоперамид капс.,2мг ; 20 шт,капсулы,лоперамид,острая и хроническая диарея,,Пищеварительный тракт / Противодиарейные
Лоперамид таб,2мг ; 10 шт,таблетки,лоперамид,острая и хроническая диарея,,Пищеварительный тракт / Противодиарейные
Лоперамид таб,2мг ; 20 шт,таблетки,лоперамид,острая и хроническая диарея,,Пищеварительный тракт / Противодиарейные
Лоперамид таб,2мг ; 20 шт,таблетки,лоперамид,острая и хроническая диарея,,Пищеварительный тракт / Противодиарейные
Лоперамид-Алиум капс,2 мг ; 20 шт,капсулы,лоперамид,острая и хроническая диарея,,Пищеварительный тракт / Противодиарейные
Омепразол Реневал капс,10 мг ; 30 шт,капсулы,омепразол,"язвенная болезнь, рефлюкс, гиперсекреция желудка",,Пищеварительный тракт / Противоязвенные
Омепразол капс,20 мг ; 30 шт,капсулы,омепразол,"язвенная болезнь, рефлюкс, гиперсекреция желудка",,Пищеварительный тракт / Противоязвенные
Омепразол капс.,20мг ; 30 шт,капсулы,омепразол,"язвенная болезнь, рефлюкс, гиперсекреция желудка",,Пищеварительный тракт / Противоязвенные
Омепразол-OBL капс.,20мг ; 28 шт,капсулы,омепразол,"язвенная болезнь, рефлюкс, гиперсекреция желудка",,Пищеварительный тракт / Противоязвенные
Омепразол-Акрихин капсулы,20 мг ; 30 шт,капсулы,омепразол,"язвенная болезнь, рефлюкс, гиперсекреция желудка",,Пищеварительный тракт / Противоязвенные
Омепразол-Тева капс. киш.раств.,20мг ; 28 шт,капсулы,омепразол,"язвенная болезнь, рефлюкс, гиперсекреция желудка",,Пищеварительный тракт / Противоязвенные
Омепразол-Тева капс. киш.раств.,40мг ; 28 шт,капсулы,омепразол,"язвенная болезнь, рефлюкс, гиперсекреция желудка",,Пищеварительный тракт / Противоязвенные
Касторовое масло,30 мл,масло для приема внутрь,касторовое масло,"Запоры, подготовка кишечника перед исследованиями.",,Пищеварительный тракт / Слабительные
Пикодинар,"7.5 мг/мл, 30 мл",капли для приема внутрь,"натрия пикосульфата моногидрат 7,5 мг/мл",,Кишечная непроходимость или обструктивные заболевания кишечника.,Пищеварительный тракт / Слабительные
Пикопреп,2 шт,порошок для приготовления раствора,лимонная кислота безводная 12 г + магния оксид + натрия пикосульфат,,Повышенная чувствительность к одному из компонентов.,Пищеварительный тракт / Слабительные
Дюспаталин,135 мг,таблетки,мебеверин,"спазмы, боль и дискомфорт в животе, функциональные нарушения ЖКТ",,Пищеварительный тракт / Спазмолитики
Дюспаталин Дуо таб,30 шт,таблетки,мебеверин,"спазмы, боль и дискомфорт в животе, функциональные нарушения ЖКТ",,Пищеварительный тракт / Спазмолитики
Дюспаталин капс,200 мг ; 30 шт,капсулы,мебеверин,"спазмы, боль и дискомфорт в животе, функциональные нарушения ЖКТ",,Пищеварительный тракт / Спазмолитики
Мебеверин капс. пролонг,200мг ; 30 шт,капсулы,мебеверин,"спазмы, боль и дискомфорт в животе, функциональные нарушения ЖКТ",,Пищеварительный тракт / Спазмолитики
Мебеверин солофарм капс,200 мг ; 30 шт,капсулы,мебеверин,"спазмы, боль и дискомфорт в животе, функциональные нарушения ЖКТ",,Пищеварительный тракт / Спазмолитики
Меберин мл капс. пролонг,200 мг ; 30 шт,капсулы,мебеверин,"спазмы, боль и дискомфорт в животе, функциональные нарушения ЖКТ",,Пищеварительный тракт / Спазмолитики
Мебеспалин ретард таб п/об пленочной пролонг,200мг ; 30 шт,таблетки,мебеверин,"спазмы, боль и дискомфорт в животе, функциональные нарушения ЖКТ",,Пищеварительный тракт / Спазмолитики
Ниаспам капс. пролонг,200мг ; 30 шт,капсулы,мебеверин,"спазмы, боль и дискомфорт в животе, функциональные нарушения ЖКТ",,Пищеварительный тракт / Спазмолитики
Но-шпа таб,40 мг ; 48 шт,таблетки,дротаверин,,,Пищеварительный тракт / Спазмолитики
Но-шпа таб,40мг ; 24 шт,таблетки,дротаверин,,,Пищеварительный тракт / Спазмолитики
Но-шпа таб,40мг ; 64 шт,таблетки,дротаверин,,,Пищеварительный тракт / Спазмолитики
Но-шпа таб п/об,40 мг ; 24 шт,таблетки,дротаверин,,,Пищеварительный тракт / Спазмолитики
Но-шпа форте таб,80мг ; 10 шт,таблетки,дротаверин,,,Пищеварительный тракт / Спазмолитики
Но-шпа форте таб,80мг ; 24 шт,таблетки,дротаверин,,,Пищеварительный тракт / Спазмолитики
Спарекс капс. пролонг,200мг ; 30 шт,капсулы,мебеверин,"спазмы, боль и дискомфорт в животе, функциональные нарушения ЖКТ",,Пищеварительный тракт / Спазмолитики
Тримебутин таб,100 мг ; 10 шт,таблетки,тримебутин,"спазмы, боль и дискомфорт в животе, функциональные нарушения ЖКТ",,Пищеварительный тракт / Спазмолитики
Тримебутин таб,200 мг ; 30 шт,таблетки,тримебутин,"спазмы, боль и дискомфорт в животе, функциональные нарушения ЖКТ",,Пищеварительный тракт / Спазмолитики
Тримедат порошок для приготовления суспензии,"152,5 г",порошок,тримебутин,"спазмы, боль и дискомфорт в животе, функциональные нарушения ЖКТ",,Пищеварительный тракт / Спазмолитики
Тримедат таб,100мг ; 10 шт,таблетки,тримебутин,"спазмы, боль и дискомфорт в животе, функциональные нарушения ЖКТ",,Пищеварительный тракт / Спазмолитики
Тримедат таб,200мг ; 30 шт,таблетки,тримебутин,"спазмы, боль и дискомфорт в животе, функциональные нарушения ЖКТ",,Пищеварительный тракт / Спазмолитики
Тримедат форте таб,300 мг ; 20 шт,таблетки,тримебутин,"спазмы, боль и дискомфорт в животе, функциональные нарушения ЖКТ",,Пищеварительный тракт / Спазмолитики
Тримедат форте таб,300 мг ; 60 шт,таблетки,тримебутин,"спазмы, боль и дискомфорт в животе, функциональные нарушения ЖКТ",,Пищеварительный тракт / Спазмолитики
АВВАнтацид гель для приема внутрь пак,20 шт,гель,алгелдрат + магния гидроксид,"изжога, диспепсия, гастроэзофагеальный рефлюкс",,Пищеварительный тракт / Средства от изжоги
АВВАнтацид гель для приема внутрь пак,6 шт,гель,алгелдрат + магния гидроксид,"изжога, диспепсия, гастроэзофагеальный рефлюкс",,Пищеварительный тракт / Средства от изжоги
Альфосфаль гель для приема внутрь пак,20 шт,гель,алюминия фосфат,"изжога, диспепсия, гастроэзофагеальный рефлюкс",,Пищеварительный тракт / Средства от изжоги
Маалокс суспензия,15мл ; 30 шт,суспензия,алгелдрат + магния гидроксид,"изжога, диспепсия, гастроэзофагеальный рефлюкс",,Пищеварительный тракт / Средства от изжоги
Маалокс суспензия,15мл ; 6 шт,суспензия,алгелдрат + магния гидроксид,"изжога, диспепсия, гастроэзофагеальный рефлюкс",,Пищеварительный тракт / Средства от изжоги
Маалокс суспензия,250 мл,суспензия,алгелдрат + магния гидроксид,"изжога, диспепсия, гастроэзофагеальный рефлюкс",,Пищеварительный тракт / Средства от изжоги
Маалокс таб жев,20 шт,таблетки,алгелдрат + магния гидроксид,"изжога, диспепсия, гастроэзофагеальный рефлюкс",,Пищеварительный тракт / Средства от изжоги
Маалокс таб жев. без сахара,10 шт,таблетки,алгелдрат + магния гидроксид,"изжога, диспепсия, гастроэзофагеальный рефлюкс",,Пищеварительный тракт / Средства от изжоги
Фослюган Ал-гель суспензия,16 мл ; 5 шт,гель,алюминия фосфат,"изжога, диспепсия, гастроэзофагеальный рефлюкс",,Пищеварительный тракт / Средства от изжоги
Фослюган Двойное действие при изжоге гель,10 мл ; 12 шт,гель,алюминия фосфат,"изжога, диспепсия, гастроэзофагеальный рефлюкс",,Пищеварительный тракт / Средства от изжоги
Фослюган антацид таблетки со вкусом апельсина,12 шт,таблетки,алюминия фосфат,"изжога, диспепсия, гастроэзофагеальный рефлюкс",,Пищеварительный тракт / Средства от изжоги
Фослюган антацид таблетки со вкусом мяты,12 шт,таблетки,алюминия фосфат,"изжога, диспепсия, гастроэзофагеальный рефлюкс",,Пищеварительный тракт / Средства от изжоги
Фосфалюгель гель пак,20 шт,гель,алюминия фосфат,"изжога, диспепсия, гастроэзофагеальный рефлюкс",,Пищеварительный тракт / Средства от изжоги
Креон 10 000 капсулы №50,,капсулы,панкреатин,"недостаточность пищеварительных ферментов, тяжесть после еды",,Пищеварительный тракт / Ферменты
Креон 25 000 капсулы №50,,капсулы,панкреатин,"недостаточность пищеварительных ферментов, тяжесть после еды",,Пищеварительный тракт / Ферменты
Креон 40000 капс,50 шт,капсулы,панкреатин,"недостаточность пищеварительных ферментов, тяжесть после еды",,Пищеварительный тракт / Ферменты
Креон Микро гранулы,20 г ; 5000 ЕД,гранулы,панкреатин,"недостаточность пищеварительных ферментов, тяжесть после еды",,Пищеварительный тракт / Ферменты
Мезим 20000 таб 20,000 ЕД ; 20 шт,таблетки,панкреатин,"недостаточность пищеварительных ферментов, тяжесть после еды",,Пищеварительный тракт / Ферменты
Мезим нео 10000 капс 10,000 ЕД ; 50 шт,капсулы,панкреатин,"недостаточность пищеварительных ферментов, тяжесть после еды",,Пищеварительный тракт / Ферменты
Мезим форте таб,20 шт,таблетки,панкреатин,"недостаточность пищеварительных ферментов, тяжесть после еды",,Пищеварительный тракт / Ферменты
Мезим форте таб,80 шт,таблетки,панкреатин,"недостаточность пищеварительных ферментов, тяжесть после еды",,Пищеварительный тракт / Ферменты
Микразим панкреатин капс. 25тыс.ед №20,,капсулы,панкреатин,"недостаточность пищеварительных ферментов, тяжесть после еды",,Пищеварительный тракт / Ферменты
Панкреатин Реневал 20 000 таб,20000 ЕД ; 30 шт,таблетки,панкреатин,"недостаточность пищеварительных ферментов, тяжесть после еды",,Пищеварительный тракт / Ферменты
Панкреатин таб,20 шт,таблетки,панкреатин,"недостаточность пищеварительных ферментов, тяжесть после еды",,Пищеварительный тракт / Ферменты
Панкреатин таб,25 ЕД ; 60 шт,таблетки,панкреатин,"недостаточность пищеварительных ферментов, тяжесть после еды",,Пищеварительный тракт / Ферменты
Панкреатин таб,30 ЕД ; 60 шт,таблетки,панкреатин,"недостаточность пищеварительных ферментов, тяжесть после еды",,Пищеварительный тракт / Ферменты
Панкреатин таб,3500 ЕД ; 20 шт,таблетки,панкреатин,"недостаточность пищеварительных ферментов, тяжесть после еды",,Пищеварительный тракт / Ферменты
Панкреатин таб,45 шт,таблетки,панкреатин,"недостаточность пищеварительных ферментов, тяжесть после еды",,Пищеварительный тракт / Ферменты
Панкреатин таб,50 шт,таблетки,панкреатин,"недостаточность пищеварительных ферментов, тяжесть после еды",,Пищеварительный тракт / Ферменты
Панкреатин таб п/об,25ед ; 20 шт,таблетки,панкреатин,"недостаточность пищеварительных ферментов, тяжесть после еды",,Пищеварительный тракт / Ферменты
Панкреатин форте таб,60 шт,таблетки,панкреатин,"недостаточность пищеварительных ферментов, тяжесть после еды",,Пищеварительный тракт / Ферменты
Аква Марис Стронг для горла спрей,30 мл,спрей,морская вода,боль в горле,,Простуда и грипп / Боль в горле
Грамицидин С Реневал таб защечные,"1,5 мг ; 30 шт",таблетки,грамицидин C,"боль в горле, воспалительные заболевания ротоглотки",,Простуда и грипп / Боль в горле
Граммидин детский спрей,0.03 мг ; 0.1 мг ; 112 доз,спрей,грамицидин C + цетилпиридиния хлорид,"боль в горле, воспалительные заболевания ротоглотки",,Простуда и грипп / Боль в горле
Граммидин детский таб,18 шт,таблетки,грамицидин C + цетилпиридиния хлорид,"боль в горле, воспалительные заболевания ротоглотки",,Простуда и грипп / Боль в горле
Граммидин нео таб,18 шт,таблетки,грамицидин C + цетилпиридиния хлорид,"боль в горле, воспалительные заболевания ротоглотки",,Простуда и грипп / Боль в горле
Граммидин с анестетиком нео таб,18 шт,таблетки,грамицидин C + цетилпиридиния хлорид,"боль в горле, воспалительные заболевания ротоглотки",,Простуда и грипп / Боль в горле
Граммидин с анестетиком спрей 112 доз,112 доз,спрей,грамицидин C + цетилпиридиния хлорид,"боль в горле, воспалительные заболевания ротоглотки",,Простуда и грипп / Боль в горле
Граммидин спрей,0.06 мг ; 0.1 мг ; 112 доз,спрей,грамицидин C + цетилпиридиния хлорид,"боль в горле, воспалительные заболевания ротоглотки",,Простуда и грипп / Боль в горле
Имудон таблетки для рассасывания,40 шт,таблетки,лизаты бактерий,"боль в горле, воспалительные заболевания ротоглотки",,Простуда и грипп / Боль в горле
Стрепсилс Интенсив таблетки для рассасывания медово-лимонные,24 шт,таблетки,флурбипрофен,"боль в горле, воспалительные заболевания ротоглотки",,Простуда и грипп / Боль в горле
Стрепсилс Мед и Лимон таблетки для рассасывания,24 шт,таблетки,амилметакрезол + дихлорбензиловый спирт,"боль в горле, воспалительные заболевания ротоглотки",,Простуда и грипп / Боль в горле
Стрепсилс Экспресс спрей со вкусом мяты и аниса,20мл,спрей,амилметакрезол + дихлорбензиловый спирт,"боль в горле, воспалительные заболевания ротоглотки",,Простуда и грипп / Боль в горле
Стрепсилс Экспресс таб для рассасывания со вкусом мяты,24 шт,таблетки,амилметакрезол + дихлорбензиловый спирт,"боль в горле, воспалительные заболевания ротоглотки",,Простуда и грипп / Боль в горле
Стрепсилс с Витамином С таблетки для рассасывания,24 шт,таблетки,амилметакрезол + дихлорбензиловый спирт,"боль в горле, воспалительные заболевания ротоглотки",,Простуда и грипп / Боль в горле
Стрепсилс с Ментолом и Эвкалиптом таблетки для рассасывания,24 шт,таблетки,амилметакрезол + дихлорбензиловый спирт,"боль в горле, воспалительные заболевания ротоглотки",,Простуда и грипп / Боль в горле
Стрепсилс с Ментолом и Эвкалиптом таблетки для рассасывания,36 шт,таблетки,амилметакрезол + дихлорбензиловый спирт,"боль в горле, воспалительные заболевания ротоглотки",,Простуда и грипп / Боль в горле
Стрепсилс с Согревающим эффектом таблетки для рассасывания,24 шт,таблетки,амилметакрезол + дихлорбензиловый спирт,"боль в горле, воспалительные заболевания ротоглотки",,Простуда и грипп / Боль в горле
Стрепсилс со вкусом Лимона таблетки для рассасывания,24 шт,таблетки,амилметакрезол + дихлорбензиловый спирт,"боль в горле, воспалительные заболевания ротоглотки",,Простуда и грипп / Боль в горле
Тантум Верде Форте спрей,0.51 мг ; 15 мл,спрей,бензидамин,"боль в горле, воспалительные заболевания ротоглотки",,Простуда и грипп / Боль в горле
Тантум Верде раствор 0.15%,500 мл,раствор,бензидамин,"боль в горле, воспалительные заболевания ротоглотки",,Простуда и грипп / Боль в горле
Тантум Верде спрей для мест.пр,0.255 мг ; 30мл,спрей,бензидамин,"боль в горле, воспалительные заболевания ротоглотки",,Простуда и грипп / Боль в горле
Тантум Верде таб со вкусом лимона,20 шт,таблетки,бензидамин,"боль в горле, воспалительные заболевания ротоглотки",,Простуда и грипп / Боль в горле
Тантум Верде таб со вкусом лимона,40 шт,таблетки,бензидамин,"боль в горле, воспалительные заболевания ротоглотки",,Простуда и грипп / Боль в горле
Тантум Верде таб со вкусом меда и апельсина,40 шт,таблетки,бензидамин,"боль в горле, воспалительные заболевания ротоглотки",,Простуда и грипп / Боль в горле
Тантум Верде таб со вкусом мяты,40 шт,таблетки,бензидамин,"боль в горле, воспалительные заболевания ротоглотки",,Простуда и грипп / Боль в горле
Тантум Верде таб со вкусом эвкалипта,20 шт,таблетки,бензидамин,"боль в горле, воспалительные заболевания ротоглотки",,Простуда и грипп / Боль в горле
Тантум Верде таб со вкусом эвкалипта,40 шт,таблетки,бензидамин,"боль в горле, воспалительные заболевания ротоглотки",,Простуда и грипп / Боль в горле
АЦЦ 200 таб шип.,200мг ; 20 шт,таблетки,ацетилцистеин,кашель с трудноотделяемой мокротой,,Простуда и грипп / Кашель
АЦЦ Лонг таб шипучие,600 мг ; 20 шт,таблетки,ацетилцистеин,кашель с трудноотделяемой мокротой,,Простуда и грипп / Кашель
АЦЦ порошок,600 мг ; 6 шт,порошок,ацетилцистеин,кашель с трудноотделяемой мокротой,,Простуда и грипп / Кашель
Амброксол Альфактив таб,30 мг ; 20 шт,таблетки,амброксол,кашель с трудноотделяемой мокротой,,Простуда и грипп / Кашель
Амброксол Велфарм таб,30мг ; 20 шт,таблетки,амброксол,кашель с трудноотделяемой мокротой,,Простуда и грипп / Кашель
Амброксол Сироп,15 мг ; 5 мл ; 100 мл,сироп,амброксол,кашель с трудноотделяемой мокротой,,Простуда и грипп / Кашель
Амброксол раствор для приема внутрь и для ингал.,7.5 мг/мл ; 7.5 мг,раствор,амброксол,кашель с трудноотделяемой мокротой,,Простуда и грипп / Кашель
Амброксол раствор для приема внутрь и для ингал.,7.5 мг/мл ; 7.5 мг ; 100 мл,раствор,амброксол,кашель с трудноотделяемой мокротой,,Простуда и грипп / Кашель
Амброксол раствор для приема внутрь и для ингаляций,"7,5 мг/мл ; 7,5 мг ; 40 мл",раствор,амброксол,кашель с трудноотделяемой мокротой,,Простуда и грипп / Кашель
Амброксол таб,30 мг ; 20 шт,таблетки,амброксол,кашель с трудноотделяемой мокротой,,Простуда и грипп / Кашель
Ацетилцистеин Канон гранулы,100мг ; 20 шт,гранулы,ацетилцистеин,кашель с трудноотделяемой мокротой,,Простуда и грипп / Кашель
Ацетилцистеин Канон гранулы,600мг ; 10 шт,гранулы,ацетилцистеин,кашель с трудноотделяемой мокротой,,Простуда и грипп / Кашель
Бромгексин 4 Берлин-Хеми раствор для приема внутрь,,раствор,бромгексин,"кашель, заболевания дыхательных путей с кашлем",,Простуда и грипп / Кашель
Бромгексин 8 Берлин-Хеми таб п/о,8мг ; 25 шт,таблетки,бромгексин,"кашель, заболевания дыхательных путей с кашлем",,Простуда и грипп / Кашель
Бромгексин Медисорб таб,8 мг ; 50 шт,таблетки,бромгексин,"кашель, заболевания дыхательных путей с кашлем",,Простуда и грипп / Кашель
Бромгексин таб,8 мг ; 20 шт,таблетки,бромгексин,"кашель, заболевания дыхательных путей с кашлем",,Простуда и грипп / Кашель
Бромгексин таб,8 мг ; 28 шт,таблетки,бромгексин,"кашель, заболевания дыхательных путей с кашлем",,Простуда и грипп / Кашель
Бромгексин таб,8мг ; 20 шт,таблетки,бромгексин,"кашель, заболевания дыхательных путей с кашлем",,Простуда и грипп / Кашель
Бромгексин таб,8мг ; 50 шт,таблетки,бромгексин,"кашель, заболевания дыхательных путей с кашлем",,Простуда и грипп / Кашель
Бромгексин таб для детей,4мг ; 50 шт,таблетки,бромгексин,"кашель, заболевания дыхательных путей с кашлем",,Простуда и грипп / Кашель
Бромгексин-Акрихин таблетки,4 мг ; 50 шт,таблетки,бромгексин,"кашель, заболевания дыхательных путей с кашлем",,Простуда и грипп / Кашель
Лазолван Макс капс,75мг ; 10 шт,капсулы,амброксол,кашель с трудноотделяемой мокротой,,Простуда и грипп / Кашель
Лазолван Фито сироп,100мл,сироп,экстракт тимьяна,кашель с трудноотделяемой мокротой,,Простуда и грипп / Кашель
Лазолван раствор,30 мг ; 5 мл ; 100 мл,раствор,амброксол,кашель с трудноотделяемой мокротой,,Простуда и грипп / Кашель
Лазолван раствор для приема внутрь и ингаляций,100 мл,раствор,амброксол,кашель с трудноотделяемой мокротой,,Простуда и грипп / Кашель
Лазолван сироп,15 мг ; 5 мл ; 100 мл,сироп,амброксол,кашель с трудноотделяемой мокротой,,Простуда и грипп / Кашель
Лазолван таб,30мг ; 20 шт,таблетки,амброксол,кашель с трудноотделяемой мокротой,,Простуда и грипп / Кашель
Мукалтин ВИАЛАЙН таб для рассасывания,20 шт,таблетки,экстракт алтея лекарственного,кашель с трудноотделяемой мокротой,,Простуда и грипп / Кашель
Мукалтин Реневал таб,50мг ; 20 шт,таблетки,экстракт алтея лекарственного,кашель с трудноотделяемой мокротой,,Простуда и грипп / Кашель
Мукалтин таб,50 мг ; 10 шт,таблетки,экстракт алтея лекарственного,кашель с трудноотделяемой мокротой,,Простуда и грипп / Кашель
Мукалтин таб,50 мг ; 10 шт,таблетки,экстракт алтея лекарственного,кашель с трудноотделяемой мокротой,,Простуда и грипп / Кашель
Мукалтин таб,50мг ; 20 шт,таблетки,экстракт алтея лекарственного,кашель с трудноотделяемой мокротой,,Простуда и грипп / Кашель
Мукалтин таб,50мг ; 30 шт,таблетки,экстракт алтея лекарственного,кашель с трудноотделяемой мокротой,,Простуда и грипп / Кашель
Мукалтин таб шипучие со вкусом клюквы,100 мг ; 10 шт,таблетки,экстракт алтея лекарственного,кашель с трудноотделяемой мокротой,,Простуда и грипп / Кашель
Мукалтин-Акрихин таб,50 мг ; 50 шт,таблетки,экстракт алтея лекарственного,кашель с трудноотделяемой мокротой,,Простуда и грипп / Кашель
Синекод капли от сухого кашля для детей,20 мл,капли,бутамират,"кашель, заболевания дыхательных путей с кашлем",,Простуда и грипп / Кашель
Синекод раствор для приема внутрь,,раствор,бутамират,"кашель, заболевания дыхательных путей с кашлем",,Простуда и грипп / Кашель
Синекод средство от сухого кашля для детей с 3-х лет и взрослых,200 мл,,бутамират,"кашель, заболевания дыхательных путей с кашлем",,Простуда и грипп / Кашель
Аква Марис Морская соль для промывания носа саше,30 шт,саше,морская вода,"насморк, заложенность носа",,Простуда и грипп / Насморк
Аква Марис Плюс спрей назальный,30 мл,спрей,морская вода,"насморк, заложенность носа",,Простуда и грипп / Насморк
Аква Марис Устройство для промывания носа,,,морская вода,"насморк, заложенность носа",,Простуда и грипп / Насморк
Аква Марис Экстрасильный средство от заложенности носа,,,морская вода,"насморк, заложенность носа",,Простуда и грипп / Насморк
Аква Марис спрей назал.,30мл,спрей,морская вода,"насморк, заложенность носа",,Простуда и грипп / Насморк
Аква Марис спрей назальный классический,30 мл,спрей,морская вода,"насморк, заложенность носа",,Простуда и грипп / Насморк
Ксилен актив спрей с ментолом и эвкалиптом 0.1%,15 мл,спрей,ксилометазолин,"насморк, заложенность носа",,Простуда и грипп / Насморк
Ксилен капли 0.1%,10 мл,капли,ксилометазолин,"насморк, заложенность носа",,Простуда и грипп / Насморк
Ксилен капли 0.1%,20 мл,капли,ксилометазолин,"насморк, заложенность носа",,Простуда и грипп / Насморк
Ксилен капли 0.1%,20 мл ; 4 шт,капли,ксилометазолин,"насморк, заложенность носа",,Простуда и грипп / Насморк
Ксилен капли детские 0.05%,10 мл,капли,ксилометазолин,"насморк, заложенность носа",,Простуда и грипп / Насморк
Ксилен спрей 0.1%,15 мл,спрей,ксилометазолин,"насморк, заложенность носа",,Простуда и грипп / Насморк
Ксилен спрей детский 0.05%,15 мл,спрей,ксилометазолин,"насморк, заложенность носа",,Простуда и грипп / Насморк
Лазолван Рино спрей назальный,82мкг/доза ; 10мл,спрей,трамазолин,"насморк, заложенность носа",,Простуда и грипп / Насморк
Називин Сенситив спрей,11.25 мкг/доза ; 10 мл,спрей,оксиметазолин,"насморк, заложенность носа",,Простуда и грипп / Насморк
Називин капли 0.01%,5 мл,капли,оксиметазолин,"насморк, заложенность носа",,Простуда и грипп / Насморк
Називин капли 0.025%,10 мл,капли,оксиметазолин,"насморк, заложенность носа",,Простуда и грипп / Насморк
Називин капли 0.05%,10 мл,капли,оксиметазолин,"насморк, заложенность носа",,Простуда и грипп / Насморк
Називин спрей,22.5 мкг/доза ; 10 мл,спрей,оксиметазолин,"насморк, заложенность носа",,Простуда и грипп / Насморк
Нафтизин капли назал. 0.05%,10мл,капли,ксилометазолин,"насморк, заложенность носа",,Простуда и грипп / Насморк
Нафтизин капли назал. 0.1%,15мл,капли,ксилометазолин,"насморк, заложенность носа",,Простуда и грипп / Насморк
Нафтизин капли назальные 0.05%,15мл,капли,ксилометазолин,"насморк, заложенность носа",,Простуда и грипп / Насморк
Отривин Бэби капли для носа,5 мл ; 18 шт,капли,морская вода,"насморк, заложенность носа",,Простуда и грипп / Насморк
Отривин Для детей спрей для носа,10 мл,спрей,ксилометазолин,"насморк, заложенность носа",,Простуда и грипп / Насморк
Отривин Комплекс спрей для носа,10 мл,спрей,ксилометазолин + ипратропия бромид,"насморк, заложенность носа",,Простуда и грипп / Насморк
Отривин Ментол спрей для носа,10 мл,спрей,ксилометазолин,"насморк, заложенность носа",,Простуда и грипп / Насморк
Отривин Увлажняющая формула спрей,140 мкг/доза,спрей,ксилометазолин,"насморк, заложенность носа",,Простуда и грипп / Насморк
Отривин экспресс спрей назальный 0.05%,10мл,спрей,оксиметазолин,"насморк, заложенность носа",,Простуда и грипп / Насморк
Ринофлуимуцил спрей назальный,10 мл,спрей,ацетилцистеин + туаминогептан,"насморк, заложенность носа",,Простуда и грипп / Насморк
Снуп Экстра спрей назальный,10 мл,спрей,ипратропия бромид + ксилометазолин,"насморк, заложенность носа",,Простуда и грипп / Насморк
Снуп спрей назальный дозированный,45мкг/доза ; 15мл,спрей,ксилометазолин,"насморк, заложенность носа",,Простуда и грипп / Насморк
Снуп спрей назальный дозированный,90мкг/доза ; 15мл,спрей,ксилометазолин,"насморк, заложенность носа",,Простуда и грипп / Насморк
Тизин Классик спрей 0.05%,10 мл,спрей,ксилометазолин,"насморк, заложенность носа",,Простуда и грипп / Насморк
Тизин Классик спрей 0.1%,10 мл,спрей,ксилометазолин,"насморк, заложенность носа",,Простуда и грипп / Насморк
Тизин ПАНТЕНОЛ спрей,10 мл,спрей,декспантенол + ксилометазолин,"насморк, заложенность носа",,Простуда и грипп / Насморк
Тизин ПАНТЕНОЛ спрей для детей,10 мл,спрей,декспантенол + ксилометазолин,"насморк, заложенность носа",,Простуда и грипп / Насморк
Арбидол капс,100 мг ; 10 шт,капсулы,умифеновир,грипп и ОРВИ,,Простуда и грипп / Противовирусные и иммунокорректоры
Арбидол капс,100 мг ; 20 шт,капсулы,умифеновир,грипп и ОРВИ,,Простуда и грипп / Противовирусные и иммунокорректоры
Арбидол капс,200 мг ; 10 шт,капсулы,умифеновир,грипп и ОРВИ,,Простуда и грипп / Противовирусные и иммунокорректоры
"Арбидол порошок для приготовления суспензии, вкус банан-вишня",37 г,порошок,умифеновир,грипп и ОРВИ,,Простуда и грипп / Противовирусные и иммунокорректоры
Арбидол таб,50 мг ; 10 шт,таблетки,умифеновир,грипп и ОРВИ,,Простуда и грипп / Противовирусные и иммунокорректоры
Арбидол таб,50 мг ; 20 шт,таблетки,умифеновир,грипп и ОРВИ,,Простуда и грипп / Противовирусные и иммунокорректоры
Ингавирин капс,60мг ; 10 шт,капсулы,имидазолилэтанамид пентандиоевой кислоты,грипп и ОРВИ,,Простуда и грипп / Противовирусные и иммунокорректоры
Ингавирин капс,90мг ; 10 шт,капсулы,имидазолилэтанамид пентандиоевой кислоты,грипп и ОРВИ,,Простуда и грипп / Противовирусные и иммунокорректоры
Ингавирин сироп,30 мг ; 5 мл ; 50 мл,сироп,имидазолилэтанамид пентандиоевой кислоты,грипп и ОРВИ,,Простуда и грипп / Противовирусные и иммунокорректоры
Ингавирин сироп,30 мг ; 5 мл ; 90 мл,сироп,имидазолилэтанамид пентандиоевой кислоты,грипп и ОРВИ,,Простуда и грипп / Противовирусные и иммунокорректоры
Кагоцел таб,12мг ; 10 шт,таблетки,кагоцел,грипп и ОРВИ,,Простуда и грипп / Противовирусные и иммунокорректоры
Кагоцел таб,12мг ; 20 шт,таблетки,кагоцел,грипп и ОРВИ,,Простуда и грипп / Противовирусные и иммунокорректоры
Кагоцел таб,12мг ; 30 шт,таблетки,кагоцел,грипп и ОРВИ,,Простуда и грипп / Противовирусные и иммунокорректоры
АнтиГриппин для взрослых ромашковый,пак 10 шт,порошок для приготовления раствора,парацетамол 500 мг + хлорфенамина малеат,"Инфекционно-воспалительные заболевания (ОРВИ, грипп).",Повышенная чувствительность к парацетамолу.,Простуда и грипп / Температура
"ГриппоФлю от простуды и гриппа, вкус малины",10 шт,порошок для приготовления раствора,"парацетамол 0,325 г + фенилэфрина гидрохлорид","Инфекционно-воспалительные заболевания (ОРВИ, грипп).","Артериальная гипертония, сахарный диабет, закрытоугольная глаукома.",Простуда и грипп / Температура
Нурофактор,100 мг/5 мл,суспензия для приема внутрь,ибупрофен 100 мг/5 мл,Применяют у детей с 3 месяцев.,,Простуда и грипп / Температура
Нурофен для детей суспензия апельсиновая,100 мл,суспензия для приема внутрь,ибупрофен 100 мг,Для детей с 3 месяцев жизни до 12 лет.,,Простуда и грипп / Температура
Парацетамол Медисорб,"500 мг, 20 шт",таблетки,парацетамол 500 мг,Облегчение головной боли.,,Простуда и грипп / Температура
Парацетамол ЭКСТРАТАБ таб,500мг ; 150мг ; 20 шт,таблетки,парацетамол + аскорбиновая кислота,"жар, боль, симптомы простуды и гриппа",,Простуда и грипп / Температура
Парацетамол от боли и жара таб шипучие,500мг ; 12 шт,таблетки,парацетамол,"жар, боль, симптомы простуды и гриппа",,Простуда и грипп / Температура
Парацетамол реневал таб шип.,500мг ; 20 шт,таблетки,парацетамол,"жар, боль, симптомы простуды и гриппа",,Простуда и грипп / Температура
Парацетамол таб,200мг ; 10 шт,таблетки,парацетамол,"жар, боль, симптомы простуды и гриппа",,Простуда и грипп / Температура
Парацетамол таб,500 мг ; 10 шт,таблетки,парацетамол,"жар, боль, симптомы простуды и гриппа",,Простуда и грипп / Температура
Парацетамол таб,500 мг ; 20 шт,таблетки,парацетамол,"жар, боль, симптомы простуды и гриппа",,Простуда и грипп / Температура
Парацетамол таб,500 мг ; 20 шт,таблетки,парацетамол,"жар, боль, симптомы простуды и гриппа",,Простуда и грипп / Температура
Ринза таблетки от простуды с парацетамолом,10 шт,таблетки,кофеин 30 мг + парацетамол 500 мг,,Выраженный атеросклероз коронарных артерий; артериальная гипертензия.,Простуда и грипп / Температура
ТераФлю Экстра,4 шт,,парацетамол + фенилэфрин + фенирамин,"жар, боль, симптомы простуды и гриппа",,Простуда и грипп / Температура
ТераФлю Экстра вкус яблока с корицей,10 шт,,парацетамол + фенилэфрин + фенирамин,"жар, боль, симптомы простуды и гриппа",,Простуда и грипп / Температура
ТераФлю Экстратаб,10 шт,таблетки,парацетамол + фенилэфрин + фенирамин,"жар, боль, симптомы простуды и гриппа",,Простуда и грипп / Температура
ТераФлю от гриппа и простуды,10 шт,,парацетамол + фенилэфрин + фенирамин,"жар, боль, симптомы простуды и гриппа",,Простуда и грипп / Температура
ТераФлю от гриппа и простуды,10 шт,порошок для приготовления раствора для приема внутрь,парацетамол 325 мг + фенилэфрина гидрохлорид 10 мг + фенирамина малеат 20 мг + аскорбиновая кислота 50 мг,"Симптоматическое лечение ОРВИ и гриппа: высокая температура, озноб, ломота в теле, головная и мышечная боль, насморк, заложенность носа, чихание.",Повышенная чувствительность к компонентам; прием ингибиторов МАО; портальная гипертензия; алкоголизм; сахарный диабет; беременность; грудное вскармливание; возраст до 12 лет; тяжелые сердечно-сосудистые заболевания; артериальная гипертензия; гипертиреоз; закрытоугольная глаукома; феохромоцитома.,Простуда и грипп / Температура
ТераФлю от гриппа и простуды,4 шт,,парацетамол + фенилэфрин + фенирамин,"жар, боль, симптомы простуды и гриппа",,Простуда и грипп / Температура
Ацикловир Белупо таб,400 мг ; 21 шт,таблетки,ацикловир,герпесвирусные инфекции,,"Противовирусные / Герпес, ЦМВ, ВПЧ"
Ацикловир Сандоз таб,200 мг ; 25 шт,таблетки,ацикловир,герпесвирусные инфекции,,"Противовирусные / Герпес, ЦМВ, ВПЧ"
Ацикловир крем 5%,5 г,крем,ацикловир,герпесвирусные инфекции,,"Противовирусные / Герпес, ЦМВ, ВПЧ"
Ацикловир мазь 5%,10 г,мазь,ацикловир,герпесвирусные инфекции,,"Противовирусные / Герпес, ЦМВ, ВПЧ"
Ацикловир таб,200 мг ; 20 шт,таблетки,ацикловир,герпесвирусные инфекции,,"Противовирусные / Герпес, ЦМВ, ВПЧ"
Ацикловир таб,400 мг ; 20 шт,таблетки,ацикловир,герпесвирусные инфекции,,"Противовирусные / Герпес, ЦМВ, ВПЧ"
Ацикловир таб,400 мг ; 20 шт,таблетки,ацикловир,герпесвирусные инфекции,,"Противовирусные / Герпес, ЦМВ, ВПЧ"
Ацикловир-Акрихин мазь 5%,15 г,мазь,ацикловир,герпесвирусные инфекции,,"Противовирусные / Герпес, ЦМВ, ВПЧ"
Ацикловир-Акрихин таблетки,200 мг,таблетки,ацикловир,герпесвирусные инфекции,,"Противовирусные / Герпес, ЦМВ, ВПЧ"
Амлодипин Велфарм таб,10 мг ; 60 шт,таблетки,амлодипин,"артериальная гипертензия, заболевания сердечно-сосудистой системы",,Сердце и сосуды / Высокое давление
Амлодипин таб,10 мг ; 30 шт,таблетки,амлодипин,"артериальная гипертензия, заболевания сердечно-сосудистой системы",,Сердце и сосуды / Высокое давление
Амлодипин таб,5мг ; 30 шт,таблетки,амлодипин,"артериальная гипертензия, заболевания сердечно-сосудистой системы",,Сердце и сосуды / Высокое давление
Амлодипин таб,5мг ; 60 шт,таблетки,амлодипин,"артериальная гипертензия, заболевания сердечно-сосудистой системы",,Сердце и сосуды / Высокое давление
Амлодипин таб,5мг ; 90 шт,таблетки,амлодипин,"артериальная гипертензия, заболевания сердечно-сосудистой системы",,Сердце и сосуды / Высокое давление
Амлодипин+Валсартан ВЕРТЕКС таб,10 мг ; 160 мг ; 30 шт,таблетки,амлодипин,"артериальная гипертензия, заболевания сердечно-сосудистой системы",,Сердце и сосуды / Высокое давление
Амлодипин-Тева таб,5мг ; 30 шт,таблетки,амлодипин,"артериальная гипертензия, заболевания сердечно-сосудистой системы",,Сердце и сосуды / Высокое давление
Амлодипин-периндоприл-тева таб,5 мг ; 10 мг ; 30 шт,таблетки,амлодипин,"артериальная гипертензия, заболевания сердечно-сосудистой системы",,Сердце и сосуды / Высокое давление
Бисопролол таб,10 мг ; 30 шт,таблетки,бисопролол,"артериальная гипертензия, заболевания сердечно-сосудистой системы",,Сердце и сосуды / Высокое давление
Бисопролол таб,"2,5 мг ; 60 шт",таблетки,бисопролол,"артериальная гипертензия, заболевания сердечно-сосудистой системы",,Сердце и сосуды / Высокое давление
Бисопролол таб,5 мг ; 30 шт,таблетки,бисопролол,"артериальная гипертензия, заболевания сердечно-сосудистой системы",,Сердце и сосуды / Высокое давление
Бисопролол таб,5 мг ; 50 шт,таблетки,бисопролол,"артериальная гипертензия, заболевания сердечно-сосудистой системы",,Сердце и сосуды / Высокое давление
Бисопролол-АКОС таб,5 мг ; 100 шт,таблетки,бисопролол,"артериальная гипертензия, заболевания сердечно-сосудистой системы",,Сердце и сосуды / Высокое давление
Бисопролол-ВЕРТЕКС таб,"2,5 мг ; 30 шт",таблетки,бисопролол,"артериальная гипертензия, заболевания сердечно-сосудистой системы",,Сердце и сосуды / Высокое давление
Бисопролол-ВЕРТЕКС таб,5 мг ; 30 шт,таблетки,бисопролол,"артериальная гипертензия, заболевания сердечно-сосудистой системы",,Сердце и сосуды / Высокое давление
Бисопролол-СЗ таб,5 мг ; 50 шт,таблетки,бисопролол,"артериальная гипертензия, заболевания сердечно-сосудистой системы",,Сердце и сосуды / Высокое давление
Бисопролол-Тева таб,5 мг ; 50 шт,таблетки,бисопролол,"артериальная гипертензия, заболевания сердечно-сосудистой системы",,Сердце и сосуды / Высокое давление
Индапамид+Периндоприл таб,0625 мг ; 2 мг ; 30 шт,таблетки,периндоприл,"артериальная гипертензия, заболевания сердечно-сосудистой системы",,Сердце и сосуды / Высокое давление
Кандесартан,"8 мг, 28 шт",таблетки,кандесартана цилексетил 8 мг,Артериальная гипертензия; хроническая сердечная недостаточность.,Повышенная чувствительность к кандесартану или другим компонентам.,Сердце и сосуды / Высокое давление
Капотен,"25 мг, 28 шт",таблетки,каптоприл,"Артериальная гипертензия, в том числе реноваскулярная.",,Сердце и сосуды / Высокое давление
Ко-Периндоприл таб,"2,5 мг ; 8 мг ; 90 шт",таблетки,индапамид + периндоприл,"артериальная гипертензия, заболевания сердечно-сосудистой системы",,Сердце и сосуды / Высокое давление
Лозартан Н таб,"12,5 мг ; 100 мг ; 30 шт",таблетки,лозартан + гидрохлоротиазид,"артериальная гипертензия, заболевания сердечно-сосудистой системы",,Сердце и сосуды / Высокое давление
Лозартан Н таб,25 мг ; 100 мг ; 30 шт,таблетки,лозартан + гидрохлоротиазид,"артериальная гипертензия, заболевания сердечно-сосудистой системы",,Сердце и сосуды / Высокое давление
Лозартан таб,"12,5 мг ; 30 шт",таблетки,лозартан,"артериальная гипертензия, заболевания сердечно-сосудистой системы",,Сердце и сосуды / Высокое давление
Лозартан таб,50 мг ; 60 шт,таблетки,лозартан,"артериальная гипертензия, заболевания сердечно-сосудистой системы",,Сердце и сосуды / Высокое давление
Лозартан таб,50 мг ; 90 шт,таблетки,лозартан,"артериальная гипертензия, заболевания сердечно-сосудистой системы",,Сердце и сосуды / Высокое давление
Лозартан-АКОС таб,50 мг ; 30 шт,таблетки,лозартан,"артериальная гипертензия, заболевания сердечно-сосудистой системы",,Сердце и сосуды / Высокое давление
Лозартан-ВЕРТЕКС таб,"12,5 мг ; 30 шт",таблетки,лозартан,"артериальная гипертензия, заболевания сердечно-сосудистой системы",,Сердце и сосуды / Высокое давление
Лозартан-ВЕРТЕКС таб,50 мг ; 90 шт,таблетки,лозартан,"артериальная гипертензия, заболевания сердечно-сосудистой системы",,Сердце и сосуды / Высокое давление
Лозартан-н канон таб,12.5 мг ; 50 мг ; 60 шт,таблетки,лозартан,"артериальная гипертензия, заболевания сердечно-сосудистой системы",,Сердце и сосуды / Высокое давление
Небиволол Канон,"10 мг, 28 шт",таблетки,небиволол 10 мг,Препарат показан к применению у взрослых при артериальной гипертензии.,,Сердце и сосуды / Высокое давление
Периндоприл таб,4 мг ; 90 шт,таблетки,периндоприл,"артериальная гипертензия, заболевания сердечно-сосудистой системы",,Сердце и сосуды / Высокое давление
Периндоприл таб,4мг ; 30 шт,таблетки,периндоприл,"артериальная гипертензия, заболевания сердечно-сосудистой системы",,Сердце и сосуды / Высокое давление
Периндоприл таб,8 мг ; 30 шт,таблетки,периндоприл,"артериальная гипертензия, заболевания сердечно-сосудистой системы",,Сердце и сосуды / Высокое давление
Периндоприл таб,8мг ; 30 шт,таблетки,периндоприл,"артериальная гипертензия, заболевания сердечно-сосудистой системы",,Сердце и сосуды / Высокое давление
Периндоприл таб,8мг ; 90 шт,таблетки,периндоприл,"артериальная гипертензия, заболевания сердечно-сосудистой системы",,Сердце и сосуды / Высокое давление
Периндоприл-ТАД таб,4 мг ; 30 шт,таблетки,периндоприл,"артериальная гипертензия, заболевания сердечно-сосудистой системы",,Сердце и сосуды / Высокое давление
Периндоприл-Тева таб п/п/об,5мг ; 30 шт,таблетки,периндоприл,"артериальная гипертензия, заболевания сердечно-сосудистой системы",,Сердце и сосуды / Высокое давление
Престанс,"5 мг + 5 мг, 30 шт",таблетки,"амлодипина безилат 6,935 мг + периндоприл",Лечение артериальной гипертензии у взрослых.,,Сердце и сосуды / Высокое давление
Телсартан ам таб,5мг ; 40мг ; 28 шт,таблетки,телмисартан + амлодипин,"артериальная гипертензия, заболевания сердечно-сосудистой системы",,Сердце и сосуды / Высокое давление
Аспаркам АВЕКСИМА,56 шт,таблетки,магния аспарагината тетрагидрат + калия аспарагинат,Применяют в комплексной терапии сердечно-сосудистых заболеваний.,,Сердце и сосуды / Питание миокарда
Метуцинвел,"50 мг/мл, 2 мл",раствор для инъекций,этилметилгидроксипиридина сукцинат,Острые нарушения мозгового кровообращения (в составе комплексной терапии).,,Сердце и сосуды / Питание миокарда
Эврин,"50 мг/мл, 5 мл, 5 шт",раствор для инъекций,этилметилгидроксипиридина сукцинат,Острые нарушения мозгового кровообращения (в составе комплексной терапии).,Повышенная чувствительность; острая печеночная недостаточность.,Сердце и сосуды / Питание миокарда
Аджиметрил,20 г,гель стоматологический,метронидазола бензоат 16 мг/г,Инфекционно-воспалительные заболевания пародонта и слизистой рта.,,Стоматология / Стоматологические препараты
Вита-Гиал,200 мл,средство для полоскания полости рта,"гиалуроновая кислота, декстроза, гуаровая камедь","Герпетические поражения, лучевые мукозиты.",,Стоматология / Стоматологические препараты
Дентагуттал,10 мл,капли зубные,настойка листьев мяты перечной и другие растительные компоненты,Зубная боль до оказания стоматологической помощи.,,Стоматология / Стоматологические препараты
Дентамет,25 г,гель,"метронидазол 1,00 г/100 г + хлоргексидин",Инфекционно-воспалительные заболевания пародонта и слизистой рта.,,Стоматология / Стоматологические препараты
Камистад,10 г,гель для местного применения,лидокаина гидрохлорид моногидрат,Применяется при воспалении и боли слизистой оболочки полости рта.,,Стоматология / Стоматологические препараты
Кандид,"1%, 15 мл",раствор для полости рта,клотримазол 10 мг/г,Кандидозный стоматит.,,Стоматология / Стоматологические препараты
Холисал,10 г,гель стоматологический,"холина салицилат 87,1 мг/г",Для местного применения на слизистые оболочки полости рта.,,Стоматология / Стоматологические препараты
Аэртал,"1.5%, 60 г",крем,ацеклофенак,Лечение местной боли вследствие травматических повреждений.,,Суставы и мышцы / Боль и воспаление
Вольтарен Эмульгель 1%,20 г,гель,диклофенак,"боль и воспаление при заболеваниях суставов, мышц и мягких тканей",,Суставы и мышцы / Боль и воспаление
Вольтарен Эмульгель 2%,100 г,гель,диклофенак,"боль и воспаление при заболеваниях суставов, мышц и мягких тканей",,Суставы и мышцы / Боль и воспаление
Вольтарен пластырь трансдермальный,15 мг ; 5 шт,пластырь,диклофенак,"боль и воспаление при заболеваниях суставов, мышц и мягких тканей",,Суставы и мышцы / Боль и воспаление
Вольтарен пластырь трансдермальный,30 мг ; 2 шт,пластырь,диклофенак,"боль и воспаление при заболеваниях суставов, мышц и мягких тканей",,Суставы и мышцы / Боль и воспаление
Вольтарен рапид таб п/об,50мг ; 20 шт,таблетки,диклофенак,"боль и воспаление при заболеваниях суставов, мышц и мягких тканей",,Суставы и мышцы / Боль и воспаление
Вольтарен раствор,25 мг/мл ; 25 мг ; 3 мл ; 5 шт,раствор,диклофенак,"боль и воспаление при заболеваниях суставов, мышц и мягких тканей",,Суставы и мышцы / Боль и воспаление
Вольтарен суппозитории,100мг ; 5 шт,суппозитории,диклофенак,"боль и воспаление при заболеваниях суставов, мышц и мягких тканей",,Суставы и мышцы / Боль и воспаление
Вольтарен таб п/об киш.раств,50мг ; 20 шт,таблетки,диклофенак,"боль и воспаление при заболеваниях суставов, мышц и мягких тканей",,Суставы и мышцы / Боль и воспаление
Диклофенак велфарм раствор для инъекций,25мг/мл ; 25мг,раствор,диклофенак,"боль и воспаление при заболеваниях суставов, мышц и мягких тканей",,Суставы и мышцы / Боль и воспаление
Диклофенак гель для наружного применения 1%,40 г,гель,диклофенак,"боль и воспаление при заболеваниях суставов, мышц и мягких тканей",,Суставы и мышцы / Боль и воспаление
Диклофенак раствор для инъекций,25мг/мл ; 25мг ; 3мл ; 5 шт,раствор,диклофенак,"боль и воспаление при заболеваниях суставов, мышц и мягких тканей",,Суставы и мышцы / Боль и воспаление
Диклофенак ретард-Акрихин таблетки,100 мг ; 20 шт,таблетки,диклофенак,"боль и воспаление при заболеваниях суставов, мышц и мягких тканей",,Суставы и мышцы / Боль и воспаление
Диклофенак таблетки пролонгированного действия,,таблетки,диклофенак,"боль и воспаление при заболеваниях суставов, мышц и мягких тканей",,Суставы и мышцы / Боль и воспаление
Диклофенак хемофарм раствор для инъекций,25мг/мл ; 25мг,раствор,диклофенак,"боль и воспаление при заболеваниях суставов, мышц и мягких тканей",,Суставы и мышцы / Боль и воспаление
Диклофенак-АКОС гель 5%,100г,гель,диклофенак,"боль и воспаление при заболеваниях суставов, мышц и мягких тканей",,Суставы и мышцы / Боль и воспаление
Диклофенак-Акрихин мазь 1%,30 г,мазь,диклофенак,"боль и воспаление при заболеваниях суставов, мышц и мягких тканей",,Суставы и мышцы / Боль и воспаление
Диклофенак-мфф суппозитории,50мг ; 10 шт,суппозитории,диклофенак,"боль и воспаление при заболеваниях суставов, мышц и мягких тканей",,Суставы и мышцы / Боль и воспаление
Ибупрофен Велфарм таб п/п/об,400мг ; 30 шт,таблетки,ибупрофен,боль и воспаление,,Суставы и мышцы / Боль и воспаление
Ибупрофен таб,200 мг ; 20 шт,таблетки,ибупрофен,боль и воспаление,,Суставы и мышцы / Боль и воспаление
Ибупрофен таб,200 мг ; 20 шт,таблетки,ибупрофен,боль и воспаление,,Суставы и мышцы / Боль и воспаление
Ибупрофен таб,200 мг ; 50 шт,таблетки,ибупрофен,боль и воспаление,,Суставы и мышцы / Боль и воспаление
Ибупрофен таб,400 мг ; 20 шт,таблетки,ибупрофен,боль и воспаление,,Суставы и мышцы / Боль и воспаление
Ибупрофен-АКОС таб,400 мг ; 50 шт,таблетки,ибупрофен,боль и воспаление,,Суставы и мышцы / Боль и воспаление
Ибупрофен-Хемофарм таб,400 мг ; 30 шт,таблетки,ибупрофен,боль и воспаление,,Суставы и мышцы / Боль и воспаление
Индометацин ДС мазь 10%,30 г,мазь,индометацин,"боль и воспаление при заболеваниях суставов, мышц и мягких тканей",,Суставы и мышцы / Боль и воспаление
Камериум,"2.5%, 60 г",гель,"кетопрофен 2,5 г на 100 г",Симптоматическая терапия — уменьшение боли и воспаления.,,Суставы и мышцы / Боль и воспаление
Кетонал Актив Плюс,"80 мг, 12 шт",гранулы для приготовления раствора,кетопрофен 80 мг,Применяют у взрослых при болевом синдроме и воспалении.,,Суставы и мышцы / Боль и воспаление
Кетопрофен ВП гель 2.5%,50г,гель,кетопрофен,"боль и воспаление при заболеваниях суставов, мышц и мягких тканей",,Суставы и мышцы / Боль и воспаление
Кетопрофен ДС гель 2.5%,50 г,гель,кетопрофен,"боль и воспаление при заболеваниях суставов, мышц и мягких тканей",,Суставы и мышцы / Боль и воспаление
Кетопрофен велфарм таб п/об пленочной,100мг ; 20 шт,таблетки,кетопрофен,"боль и воспаление при заболеваниях суставов, мышц и мягких тканей",,Суставы и мышцы / Боль и воспаление
Кетопрофен гель 5%,30г,гель,кетопрофен,"боль и воспаление при заболеваниях суставов, мышц и мягких тканей",,Суставы и мышцы / Боль и воспаление
Кетопрофен гель для наружн.прим-я 2.5%,50г,гель,кетопрофен,"боль и воспаление при заболеваниях суставов, мышц и мягких тканей",,Суставы и мышцы / Боль и воспаление
Кетопрофен органика капс,50мг ; 20 шт,капсулы,кетопрофен,"боль и воспаление при заболеваниях суставов, мышц и мягких тканей",,Суставы и мышцы / Боль и воспаление
Кетопрофен раствор для инъекций,50 мг/мл ; 50 мг ; 2 мл,раствор,кетопрофен,"боль и воспаление при заболеваниях суставов, мышц и мягких тканей",,Суставы и мышцы / Боль и воспаление
Кетопрофен таб п/об пленочной,100мг ; 20 шт,таблетки,кетопрофен,"боль и воспаление при заболеваниях суставов, мышц и мягких тканей",,Суставы и мышцы / Боль и воспаление
Кетопрофен-АКОС гель 5%,100 г,гель,кетопрофен,"боль и воспаление при заболеваниях суставов, мышц и мягких тканей",,Суставы и мышцы / Боль и воспаление
Кетопрофен-ВЕРТЕКС гель 5%,30 г,гель,кетопрофен,"боль и воспаление при заболеваниях суставов, мышц и мягких тканей",,Суставы и мышцы / Боль и воспаление
Кеторол гель 2%,30 г,гель,кеторолак,боль и воспаление,,Суставы и мышцы / Боль и воспаление
Кеторол гель 2%,50 г,гель,кеторолак,боль и воспаление,,Суставы и мышцы / Боль и воспаление
Кеторол раствор для инъекций,30мг/мл ; 30мг ; 1мл,раствор,кеторолак,боль и воспаление,,Суставы и мышцы / Боль и воспаление
Кеторол экспресс таблетки диспергируемые в полости рта,10мг ; 20 шт,таблетки,кеторолак,боль и воспаление,,Суставы и мышцы / Боль и воспаление
Кеторолак таб п/об пленочной,10мг ; 20 шт,таблетки,кеторолак,боль и воспаление,,Суставы и мышцы / Боль и воспаление
Кеторолак таб п/п/об,10мг ; 14 шт,таблетки,кеторолак,боль и воспаление,,Суставы и мышцы / Боль и воспаление
Мотрин,"250 мг, 20 шт",таблетки,напроксен,Болевой синдром слабой и умеренной выраженности.,,Суставы и мышцы / Боль и воспаление
Найз Активгель,"1%, 50 г",гель для наружного применения,нимесулид 10 мг/г,Местное симптоматическое лечение заболеваний опорно-двигательного аппарата.,,Суставы и мышцы / Боль и воспаление
Нимесулид Реневал таб,100 мг ; 20 шт,таблетки,нимесулид,"боль и воспаление при заболеваниях суставов, мышц и мягких тканей",,Суставы и мышцы / Боль и воспаление
Нимесулид гель 1%,20 г,гель,нимесулид,"боль и воспаление при заболеваниях суставов, мышц и мягких тканей",,Суставы и мышцы / Боль и воспаление
Нимесулид гранулы,100 мг ; 9 шт,гранулы,нимесулид,"боль и воспаление при заболеваниях суставов, мышц и мягких тканей",,Суставы и мышцы / Боль и воспаление
Нимесулид таб,100 мг ; 20 шт,таблетки,нимесулид,"боль и воспаление при заболеваниях суставов, мышц и мягких тканей",,Суставы и мышцы / Боль и воспаление
Нимесулид таб,100мг ; 20 шт,таблетки,нимесулид,"боль и воспаление при заболеваниях суставов, мышц и мягких тканей",,Суставы и мышцы / Боль и воспаление
Нимесулид таб,100мг ; 20 шт,таблетки,нимесулид,"боль и воспаление при заболеваниях суставов, мышц и мягких тканей",,Суставы и мышцы / Боль и воспаление
Нимесулид таб,100мг ; 30 шт,таблетки,нимесулид,"боль и воспаление при заболеваниях суставов, мышц и мягких тканей",,Суставы и мышцы / Боль и воспаление
Нимесулид таб,100мг ; 30 шт,таблетки,нимесулид,"боль и воспаление при заболеваниях суставов, мышц и мягких тканей",,Суставы и мышцы / Боль и воспаление
Нимесулид-ЛекТ таб,100 мг ; 20 шт,таблетки,нимесулид,"боль и воспаление при заболеваниях суставов, мышц и мягких тканей",,Суставы и мышцы / Боль и воспаление
Нурофен 12+ таб,200 мг ; 24 шт,таблетки,ибупрофен,боль и воспаление,,Суставы и мышцы / Боль и воспаление
Нурофен Форте таб п/об,400мг ; 12 шт,таблетки,ибупрофен,боль и воспаление,,Суставы и мышцы / Боль и воспаление
Нурофен Экспресс Форте капс,400 мг ; 30 шт,капсулы,ибупрофен,боль и воспаление,,Суставы и мышцы / Боль и воспаление
Нурофен таб,200 мг ; 10 шт,таблетки,ибупрофен,боль и воспаление,,Суставы и мышцы / Боль и воспаление
Нурофен таб,200 мг ; 20 шт,таблетки,ибупрофен,боль и воспаление,,Суставы и мышцы / Боль и воспаление
Нурофен таб,200 мг ; 30 шт,таблетки,ибупрофен,боль и воспаление,,Суставы и мышцы / Боль и воспаление
Нурофен таб п/об,200мг ; 8 шт,таблетки,ибупрофен,боль и воспаление,,Суставы и мышцы / Боль и воспаление
Метформин таблетки,500 мг ; 60 шт,таблетки,метформин,,,Диабет / Гипогликемические препараты
"Аторвастатин таблетки , Озон",20 мг ; 30 шт,таблетки,аторвастатин,,,Сердце и сосуды / Снижение холестерина
Розувастатин таблетки,20 мг ; 30 шт,таблетки,розувастатин,,,Сердце и сосуды / Снижение холестерина
Эутирокс таблетки,50 мкг ; 100 шт,таблетки,левотироксин натрия,,,Гормоны / Гормоны щитовидной железы
Метформин таблетки,1000 мг ; 60 шт,таблетки,метформин,,,Диабет / Гипогликемические препараты
Аторвастатин Медисорб таблетки,40 мг ; 60 шт,таблетки,аторвастатин,,,Сердце и сосуды / Снижение холестерина
Розувастатин-ВЕРТЕКС таблетки,10 мг ; 30 шт,таблетки,розувастатин,,,Сердце и сосуды / Снижение холестерина
Эутирокс таблетки,125 мкг ; 100 шт,таблетки,левотироксин натрия,,,Гормоны / Гормоны щитовидной железы
Метформин таблетки,850 мг ; 60 шт,таблетки,метформин,,,Диабет / Гипогликемические препараты
"Аторвастатин таблетки , Пранафарм",40 мг ; 30 шт,таблетки,аторвастатин,,,Сердце и сосуды / Снижение холестерина
Розувастатин АВВА таблетки,10 мг ; 60 шт,таблетки,розувастатин,,,Сердце и сосуды / Снижение холестерина
Эутирокс таблетки,75 мкг ; 100 шт,таблетки,левотироксин натрия,,,Гормоны / Гормоны щитовидной железы
Метфорвел таблетки,500 мг ; 60 шт,таблетки,метформин,,,Диабет / Гипогликемические препараты
Аторвастатин-Тева таблетки,10 мг ; 30 шт,таблетки,аторвастатин,,,Сердце и сосуды / Снижение холестерина
Розувастатин таблетки,20 мг ; 30 шт,таблетки,розувастатин,,,Сердце и сосуды / Снижение холестерина
Эутирокс таблетки,100 мкг ; 100 шт,таблетки,левотироксин натрия,,,Гормоны / Гормоны щитовидной железы
Метформин Пролонг-Акрихин таблетки,1000 мг ; 60 шт,таблетки,метформин,,,Диабет / Гипогликемические препараты
"Аторвастатин таблетки , Пранафарм",10 мг ; 30 шт,таблетки,аторвастатин,,,Сердце и сосуды / Снижение холестерина
Розувастатин АВВА таблетки,20 мг ; 90 шт,таблетки,розувастатин,,,Сердце и сосуды / Снижение холестерина
Эутирокс таблетки,25 мкг ; 100 шт,таблетки,левотироксин натрия,,,Гормоны / Гормоны щитовидной железы
"Метформин таблетки , Рафарма",1000 мг ; 60 шт,таблетки,метформин,,,Диабет / Гипогликемические препараты
Аторвастатин-ВЕРТЕКС таблетки,40 мг ; 30 шт,таблетки,аторвастатин,,,Сердце и сосуды / Снижение холестерина
Розувастатин таблетки,10 мг ; 30 шт,таблетки,розувастатин,,,Сердце и сосуды / Снижение холестерина
Эутирокс таблетки,112 мкг ; 100 шт,таблетки,левотироксин натрия,,,Гормоны / Гормоны щитовидной железы
Метформин Санофи таблетки,850 мг ; 60 шт,таблетки,метформин,,,Диабет / Гипогликемические препараты
Аторвастатин Реневал таблетки,20 мг ; 30 шт,таблетки,аторвастатин,,,Сердце и сосуды / Снижение холестерина
Розувастатин таблетки,20 мг ; 30 шт,таблетки,розувастатин,,,Сердце и сосуды / Снижение холестерина
Эутирокс таблетки,150 мкг ; 100 шт,таблетки,левотироксин натрия,,,Гормоны / Гормоны щитовидной железы
Метформин Лонг Канон таблетки,750 мг ; 60 шт,таблетки,метформин,,,Диабет / Гипогликемические препараты
"Аторвастатин таблетки , Пранафарм",20 мг ; 60 шт,таблетки,аторвастатин,,,Сердце и сосуды / Снижение холестерина
Розувастатин-ВЕРТЕКС таблетки,10 мг ; 90 шт,таблетки,розувастатин,,,Сердце и сосуды / Снижение холестерина
Эутирокс таблетки,88 мкг ; 100 шт,таблетки,левотироксин натрия,,,Гормоны / Гормоны щитовидной железы
Метформин Реневал таблетки,1000 мг ; 60 шт,таблетки,метформин,,,Диабет / Гипогликемические препараты
Аторвастатин таблетки,10 мг ; 30 шт,таблетки,аторвастатин,,,Сердце и сосуды / Снижение холестерина
Розувастатин Велфарм таблетки,5 мг ; 90 шт,таблетки,розувастатин,,,Сердце и сосуды / Снижение холестерина
Эутирокс таблетки,137 мкг ; 100 шт,таблетки,левотироксин натрия,,,Гормоны / Гормоны щитовидной железы
Метформин Канон таблетки,1000 мг ; 60 шт,таблетки,метформин,,,Диабет / Гипогликемические препараты
Аторвастатин таблетки,20 мг ; 30 шт,таблетки,аторвастатин,,,Сердце и сосуды / Снижение холестерина
"Розувастатин таблетки , Озон",20 мг ; 30 шт,таблетки,розувастатин,,,Сердце и сосуды / Снижение холестерина
Канефрон Н таблетки,60 шт,таблетки,золототысячника трава + любистока корни + розмарина листья,,,Почки и мочевой пузырь / Инфекции мочевого пузыря и почек
Фурагин таблетки,50 мг ; 30 шт,таблетки,фуразидин,,,Почки и мочевой пузырь / Инфекции мочевого пузыря и почек
Монурал гранулы саше,3 г ; 2 шт,гранулы,фосфомицин,,,Почки и мочевой пузырь / Инфекции мочевого пузыря и почек
Цистон таблетки,100 шт,таблетки,растительный комплекс,,,Почки и мочевой пузырь / Мочекаменная болезнь
Канефрон Н таблетки,120 шт,таблетки,золототысячника трава + любистока корни + розмарина листья,,,Почки и мочевой пузырь / Инфекции мочевого пузыря и почек
Фурагин таблетки,50 мг ; 30 шт,таблетки,фуразидин,,,Почки и мочевой пузырь / Инфекции мочевого пузыря и почек
Монурал гранулы саше,3 г ; 1 шт,гранулы,фосфомицин,,,Почки и мочевой пузырь / Инфекции мочевого пузыря и почек
Канефрон Н раствор,100 мл,раствор,золототысячника трава + любистока корни + розмарина листья,,,Почки и мочевой пузырь / Инфекции мочевого пузыря и почек
"Фурагин таблетки , ЮжФарм",50 мг ; 30 шт,таблетки,фуразидин,,,Почки и мочевой пузырь / Инфекции мочевого пузыря и почек
Фурагин таблетки,50 мг ; 30 шт,таблетки,фуразидин,,,Почки и мочевой пузырь / Инфекции мочевого пузыря и почек
Цистокипер таблетки,100 шт,таблетки,растительный комплекс,,,Почки и мочевой пузырь / Мочекаменная болезнь
Фурагин Авексима таблетки,50 мг ; 30 шт,таблетки,фуразидин,,,Почки и мочевой пузырь / Инфекции мочевого пузыря и почек
Фурагин таблетки,50 мг ; 30 шт,таблетки,фуразидин,,,Почки и мочевой пузырь / Инфекции мочевого пузыря и почек
Фосфомицин-Тева гранулы пак,3 г ; 1 шт,гранулы,фосфомицин,,,Почки и мочевой пузырь / Инфекции мочевого пузыря и почек
Цистэль Пренатал капсулы,30 шт,капсулы,D-манноза + магний,,,Почки и мочевой пузырь / Профилактика заболеваний почек и мочевого пузыря
Фосфомицин-Тева гранулы пак,3 г ; 2 шт,гранулы,фосфомицин,,,Почки и мочевой пузырь / Инфекции мочевого пузыря и почек
Бинефрон УРО капсулы,60 шт,капсулы,хвощ полевой + любисток + золототысячник + розмарин,,,Почки и мочевой пузырь / Инфекции мочевого пузыря и почек
Фурагин-Алиум таблетки,50 мг ; 30 шт,таблетки,фуразидин,,,Почки и мочевой пузырь / Инфекции мочевого пузыря и почек
Экофомурал гранулы пак,3 г ; 1 шт,гранулы,фосфомицин,,,Почки и мочевой пузырь / Инфекции мочевого пузыря и почек
Комбонефрон таблетки,60 шт,таблетки,золототысячника трава + любистока корни + розмарина листья,,,Почки и мочевой пузырь / Инфекции мочевого пузыря и почек
Фурагин-ЛекТ таблетки,50 мг ; 30 шт,таблетки,фуразидин,,,Почки и мочевой пузырь / Инфекции мочевого пузыря и почек
Фосфомицин порошок пак,3 г ; 1 шт,,фосфомицин,,,Почки и мочевой пузырь / Инфекции мочевого пузыря и почек
Монуфрон таблетки,60 шт,таблетки,растительный комплекс,,,Почки и мочевой пузырь / Инфекции мочевого пузыря и почек
Фурагин-СЗ таблетки,50 мг ; 30 шт,таблетки,фуразидин,,,Почки и мочевой пузырь / Инфекции мочевого пузыря и почек
Фосфомицин порошок пак,3 г ; 1 шт,,фосфомицин,,,Почки и мочевой пузырь / Инфекции мочевого пузыря и почек
Дюфастон таблетки,10 мг ; 20 шт,таблетки,дидрогестерон,,,Акушерство и гинекология / Половые гормоны и их антагонисты
Утрожестан капсулы,200 мг ; 14 шт,капсулы,прогестерон,,,Акушерство и гинекология / Половые гормоны и их антагонисты
Пимафуцин суппозитории вагинальные,100 мг ; 3 шт,суппозитории вагинальные,натамицин,,,Акушерство и гинекология / Молочница
Тержинан таблетки вагинальные,10 шт,таблетки вагинальные,тернидазол + неомицин + нистатин + преднизолон,,,Акушерство и гинекология / Инфекции
Дюфастон таблетки,10 мг ; 28 шт,таблетки,дидрогестерон,,,Акушерство и гинекология / Половые гормоны и их антагонисты
Утрожестан капсулы вагинальные,300 мг ; 14 шт,капсулы вагинальные,прогестерон,,,Акушерство и гинекология / Половые гормоны и их антагонисты
Пимафуцин таблетки,100 мг ; 20 шт,таблетки,натамицин,,,Грибок / Препараты для лечения кандидозов
Тержинан таблетки вагинальные,6 шт,таблетки вагинальные,тернидазол + неомицин + нистатин + преднизолон,,,Акушерство и гинекология / Инфекции
Дюфастон таблетки,10 мг ; 84 шт,таблетки,дидрогестерон,,,Акушерство и гинекология / Половые гормоны и их антагонисты
Утрожестан капсулы вагинальные,400 мг ; 14 шт,капсулы вагинальные,прогестерон,,,Акушерство и гинекология / Половые гормоны и их антагонисты
Пимафуцин суппозитории вагинальные,100 мг ; 6 шт,суппозитории вагинальные,натамицин,,,Акушерство и гинекология / Молочница
Дюфастон таблетки,10 мг ; 112 шт,таблетки,дидрогестерон,,,Акушерство и гинекология / Половые гормоны и их антагонисты
Утрожестан капсулы,100 мг ; 28 шт,капсулы,прогестерон,,,Акушерство и гинекология / Половые гормоны и их антагонисты
Пимафуцин крем,2% ; 30 г,крем,натамицин,,,Грибок / Грибок кожи
ДляЖенс дюфа таблетки,10 мг ; 28 шт,таблетки,дидрогестерон,,,Акушерство и гинекология / Половые гормоны и их антагонисты
Дидроменс таблетки,10 мг ; 28 шт,таблетки,дидрогестерон,,,Акушерство и гинекология / Половые гормоны и их антагонисты
Полижинакс Вирго эмульсия для интравагинального введения,,эмульсия,неомицин + полимиксин B + нистатин,,,Акушерство и гинекология / Инфекции
Отипакс капли ушные,16 г,капли ушные,лидокаин + феназон,,,Простуда и грипп / Средства при отитах
Полидекса капли ушные,"10,5 мл",капли ушные,дексаметазон + неомицин + полимиксин B,,,Простуда и грипп / Средства при отитах
Офтальмоферон капли глазные,10 мл,капли глазные,интерферон альфа-2b + дифенгидрамин,,,Офтальмология / Вирусные глазные инфекции
Сигницеф капли глазные,"0,5% ; 5 мл",капли глазные,левофлоксацин,,,Офтальмология / Глазные инфекции
Полидекса с фенилэфрином спрей назальный,15 мл,спрей назальный,дексаметазон + неомицин + полимиксин B + фенилэфрин,,,Простуда и грипп / Насморк
Интерферон-Офтальмо капли глазные + /мл,10000 МЕ/мл ; 1 мг ; 15 мл,капли глазные,интерферон альфа-2b + дифенгидрамин,,,Офтальмология / Вирусные глазные инфекции
Сигницеф Плюс капли глазные,5 мл,капли глазные,кеторолак + левофлоксацин,,,Офтальмология / Глазные инфекции
Отирелакс капли ушные,15 мл,капли ушные,лидокаин + феназон,,,Простуда и грипп / Средства при отитах
Отилор капли ушные,16 г,капли ушные,лидокаин + феназон,,,Простуда и грипп / Средства при отитах
Интерферон-Офтальмо капли глазные + /мл,10000 МЕ/мл ; 1 мг,капли глазные,интерферон альфа-2b + дифенгидрамин,,,Офтальмология / Вирусные глазные инфекции
Отиндол капли ушные,15 мл,капли ушные,борная кислота + прокаин,,,Простуда и грипп / Средства при отитах
Панавир капли глазные /мл,"0,04 мг ; 10 мл",капли глазные,полисахариды побегов Solanum tuberosum,,,Офтальмология / Вирусные глазные инфекции
Актипол-М капли глазные,"0,007% ; 5 мл",капли глазные,пара-аминобензойная кислота,,,Офтальмология / Вирусные глазные инфекции
Максиколд Ототита капли ушные,15 мл,капли ушные,феназон + лидокаин,,,Простуда и грипп / Средства при отитах
Эксинта капли глазные,"0,007% ; 5 мл",капли глазные,пара-аминобензойная кислота,,,Офтальмология / Вирусные глазные инфекции
Лоротокс капли ушные,16 г,капли ушные,лидокаин + феназон,,,Простуда и грипп / Средства при отитах
Синусэфрин спрей назальный,15 мл,спрей назальный,дексаметазон + неомицин + полимиксин B + фенилэфрин,,,Простуда и грипп / Насморк
Фелисанс капли ушные,16 г,капли ушные,лидокаин + феназон,,,Простуда и грипп / Средства при отитах
Эликвис таблетки,"2,5 мг ; 20 шт",таблетки,апиксабан,,,Кровь / Разжижение крови
Ксарелто таблетки,20 мг ; 28 шт,таблетки,ривароксабан,,,Кровь / Разжижение крови
Тауфон капли глазные,4% ; 10 мл,капли глазные,таурин,,,Офтальмология / Катаракта
Эмоксипин капли глазные,1% ; 10 мл,капли глазные,метилэтилпиридинол,,,Офтальмология / Восстановление роговицы
Эликвис таблетки,5 мг ; 60 шт,таблетки,апиксабан,,,Кровь / Разжижение крови
Ксарелто таблетки,10 мг ; 30 шт,таблетки,ривароксабан,,,Кровь / Разжижение крови
Тауфон капли глазные фл,4% ; 10 мл ; 3 шт,капли глазные,таурин,,,Офтальмология / Катаракта
"Эмоксипин капли глазные , Фармстандарт",1% ; 5 мл,капли глазные,метилэтилпиридинол,,,Офтальмология / Восстановление роговицы
Эликвис таблетки,"2,5 мг ; 60 шт",таблетки,апиксабан,,,Кровь / Разжижение крови
Ксарелто таблетки,15 мг ; 28 шт,таблетки,ривароксабан,,,Кровь / Разжижение крови
Эмоксипин капли глазные,1% ; 5 мл,капли глазные,метилэтилпиридинол,,,Офтальмология / Восстановление роговицы
Эликвис таблетки,5 мг ; 20 шт,таблетки,апиксабан,,,Кровь / Разжижение крови
Ксарелто таблетки,"2,5 мг ; 56 шт",таблетки,ривароксабан,,,Кровь / Разжижение крови
Эмоксипин раствор для инъекций /мл амп,10 мг ; 1 мл ; 10 шт,раствор для инъекций,метилэтилпиридинол,,,Сердце и сосуды / Питание миокарда
Ксарелто таблетки,20 мг ; 98 шт,таблетки,ривароксабан,,,Кровь / Разжижение крови
Эмоксипин Нео капли глазные тюб-кап,"1% ; 0,5 мл ; 10 шт",капли глазные,метилэтилпиридинол,,,Офтальмология / Восстановление роговицы
Ксарелто таблетки,10 мг ; 98 шт,таблетки,ривароксабан,,,Кровь / Разжижение крови
Эмоксипин Нео капли глазные,1% ; 5 мл,капли глазные,метилэтилпиридинол,,,Офтальмология / Восстановление роговицы
Ксарелто гранулы для суспензии /мл,1 мг ; 50 мл,суспензия,ривароксабан,,,Кровь / Разжижение крови
Ксарелто таблетки,"2,5 мг ; 98 шт",таблетки,ривароксабан,,,Кровь / Разжижение крови
Ксарелто таблетки,15 мг ; 98 шт,таблетки,ривароксабан,,,Кровь / Разжижение крови
Эмокси-Оптик капли глазные,1% ; 5 мл,капли глазные,метилэтилпиридинол,,,Офтальмология / Восстановление роговицы
Ксарелто гранулы для суспензии /мл,1 мг ; 100 мл,суспензия,ривароксабан,,,Кровь / Разжижение крови
L-Тироксин 50 Берлин-Хеми таблетки,50 мкг ; 50 шт,таблетки,левотироксин натрия,,,Гормоны / Гормоны щитовидной железы
Тирозол таблетки,5 мг ; 50 шт,таблетки,тиамазол,,,Гормоны / Гормоны щитовидной железы
Сиофор 1000 таблетки,1000 мг ; 60 шт,таблетки,метформин,,,Диабет / Гипогликемические препараты
Глюкофаж Лонг таблетки,750 мг ; 60 шт,таблетки,метформин,,,Диабет / Гипогликемические препараты
L-Тироксин таблетки,100 мкг ; 100 шт,таблетки,левотироксин натрия,,,Гормоны / Гормоны щитовидной железы
Тирозол таблетки,10 мг ; 50 шт,таблетки,тиамазол,,,Гормоны / Гормоны щитовидной железы
Сиофор 500 таблетки,500 мг ; 60 шт,таблетки,метформин,,,Диабет / Гипогликемические препараты
Глюкофаж Лонг таблетки,1000 мг ; 60 шт,таблетки,метформин,,,Диабет / Гипогликемические препараты
L-Тироксин 125 Берлин-Хеми таблетки,125 мкг ; 100 шт,таблетки,левотироксин натрия,,,Гормоны / Гормоны щитовидной железы
Сиофор 850 таблетки,850 мг ; 60 шт,таблетки,метформин,,,Диабет / Гипогликемические препараты
Глюкофаж Лонг таблетки,500 мг ; 60 шт,таблетки,метформин,,,Диабет / Гипогликемические препараты
L-Тироксин 100 Берлин-Хеми таблетки,100 мкг ; 100 шт,таблетки,левотироксин натрия,,,Гормоны / Гормоны щитовидной железы
Сиофор Лонг таблетки,1000 мг ; 60 шт,таблетки,метформин,,,Диабет / Гипогликемические препараты
Глюкофаж Лонг таблетки,1000 мг ; 30 шт,таблетки,метформин,,,Диабет / Гипогликемические препараты
L-Тироксин таблетки,50 мкг ; 50 шт,таблетки,левотироксин натрия,,,Гормоны / Гормоны щитовидной железы
Мерказолил таблетки,5 мг ; 50 шт,таблетки,тиамазол,,,Гормоны / Гормоны щитовидной железы
Сиофор Лонг таблетки,750 мг ; 60 шт,таблетки,метформин,,,Диабет / Гипогликемические препараты
Глюкофаж Лонг таблетки,500 мг ; 30 шт,таблетки,метформин,,,Диабет / Гипогликемические препараты
L-Тироксин Реневал таблетки,100 мкг ; 56 шт,таблетки,левотироксин натрия,,,Гормоны / Гормоны щитовидной железы
Сиофор Лонг таблетки,500 мг ; 60 шт,таблетки,метформин,,,Диабет / Гипогликемические препараты
Глюкофаж Лонг таблетки,750 мг ; 30 шт,таблетки,метформин,,,Диабет / Гипогликемические препараты
L-Тироксин 100 Берлин-Хеми таблетки,100 мкг ; 50 шт,таблетки,левотироксин натрия,,,Гормоны / Гормоны щитовидной железы
Глюкофаж Лонг таблетки,1000 мг ; 60 шт,таблетки,метформин,,,Диабет / Гипогликемические препараты
L-Тироксин Реневал таблетки,50 мкг ; 56 шт,таблетки,левотироксин натрия,,,Гормоны / Гормоны щитовидной железы
L-Тироксин 75 Берлин-Хеми таблетки,75 мкг ; 100 шт,таблетки,левотироксин натрия,,,Гормоны / Гормоны щитовидной железы
Глюкогамма таблетки,1000 мг ; 60 шт,таблетки,метформин,,,Диабет / Гипогликемические препараты
L-Тироксин таблетки,50 мкг ; 100 шт,таблетки,левотироксин натрия,,,Гормоны / Гормоны щитовидной железы
Омник капсулы,"0,4 мг ; 30 шт",капсулы,тамсулозин,,,Простатит и аденома / Препараты для предстательной железы
Витапрост таблетки,20 мг ; 60 шт,таблетки,простаты экстракт,,,Простатит и аденома / Препараты для предстательной железы
Простамол Уно капсулы,320 мг ; 30 шт,капсулы,экстракт плодов пальмы ползучей,,,Простатит и аденома / Препараты для предстательной железы
Детралекс таблетки,1000 мг ; 30 шт,таблетки,диосмин + гесперидин,,,Заболевания вен / Венотоники и ангиопротекторы
Омник Окас таблетки,"0,4 мг ; 30 шт",таблетки,тамсулозин,,,Простатит и аденома / Препараты для предстательной железы
Витапрост таблетки,20 мг ; 20 шт,таблетки,простаты экстракт,,,Простатит и аденома / Препараты для предстательной железы
Простамол Уно капсулы,320 мг ; 90 шт,капсулы,экстракт плодов пальмы ползучей,,,Простатит и аденома / Препараты для предстательной железы
Детралекс таблетки,500 мг ; 30 шт,таблетки,диосмин + гесперидин,,,Заболевания вен / Венотоники и ангиопротекторы
Омник капсулы,"0,4 мг ; 100 шт",капсулы,тамсулозин,,,Простатит и аденома / Препараты для предстательной железы
Витапрост суппозитории ректальные,10 мг ; 10 шт,суппозитории ректальные,простаты экстракт,,,Простатит и аденома / Препараты для предстательной железы
Простамол Уно капсулы,320 мг ; 60 шт,капсулы,экстракт плодов пальмы ползучей,,,Простатит и аденома / Препараты для предстательной железы
Детралекс таблетки,1000 мг ; 60 шт,таблетки,диосмин + гесперидин,,,Заболевания вен / Венотоники и ангиопротекторы
Омник Окас таблетки,"0,4 мг ; 100 шт",таблетки,тамсулозин,,,Простатит и аденома / Препараты для предстательной железы
Витапрост Форте суппозитории ректальные,20 мг ; 20 шт,суппозитории ректальные,простаты экстракт,,,Почки и мочевой пузырь / Недержание мочи
Детралекс таблетки,1000 мг ; 18 шт,таблетки,диосмин + гесперидин,,,Заболевания вен / Венотоники и ангиопротекторы
Омник капсулы,"0,4 мг ; 10 шт",капсулы,тамсулозин,,,Простатит и аденома / Препараты для предстательной железы
Витапрост Форте суппозитории ректальные,20 мг ; 10 шт,суппозитории ректальные,простаты экстракт,,,Простатит и аденома / Препараты для предстательной железы
Детралекс суспензия для приема внутрь,1000 мг/10 мл ; 30 шт,суспензия,диосмин + гесперидин,,,Заболевания вен / Венотоники и ангиопротекторы
Омник Окас таблетки,"0,4 мг ; 10 шт",таблетки,тамсулозин,,,Простатит и аденома / Препараты для предстательной железы
Витапрост Плюс суппозитории ректальные,10 шт,суппозитории ректальные,простаты экстракт + ломефлоксацин,,,Простатит и аденома / Препараты для предстательной железы
Детралекс таблетки,500 мг ; 60 шт,таблетки,диосмин + гесперидин,,,Заболевания вен / Венотоники и ангиопротекторы
Тамсулозин-OBL капсулы,"0,4 мг ; 30 шт",капсулы,тамсулозин,,,Простатит и аденома / Препараты для предстательной железы
Простатилен суппозитории ректальные,3 мг ; 10 шт,суппозитории ректальные,простаты экстракт,,,Простатит и аденома / Препараты для предстательной железы
Тамсулозин капсулы,"0,4 мг ; 90 шт",капсулы,тамсулозин,,,Простатит и аденома / Препараты для предстательной железы
Детрагель гель,80 г,гель,гепарин натрия + эссенциальные фосфолипиды + эсцин,,,Заболевания вен / Венотоники и ангиопротекторы
Венарус таблетки +,100 мг ; 900 мг ; 60 шт,таблетки,гесперидин + диосмин,,,Заболевания вен / Венотоники и ангиопротекторы
Флебодиа 600 таблетки,600 мг ; 60 шт,таблетки,диосмин,,,Заболевания вен / Венотоники и ангиопротекторы
Форсига таблетки,10 мг ; 30 шт,таблетки,дапаглифлозин,,,Диабет / Гипогликемические препараты
Диабетон МВ таблетки,60 мг ; 30 шт,таблетки,гликлазид,,,Диабет / Гипогликемические препараты
Венарус таблетки +,100 мг ; 900 мг ; 30 шт,таблетки,гесперидин + диосмин,,,Заболевания вен / Венотоники и ангиопротекторы
Флебодиа 600 таблетки,600 мг ; 18 шт,таблетки,диосмин,,,Заболевания вен / Венотоники и ангиопротекторы
Форсига таблетки,10 мг ; 90 шт,таблетки,дапаглифлозин,,,Диабет / Гипогликемические препараты
Венарус таблетки +,50 мг ; 450 мг ; 60 шт,таблетки,гесперидин + диосмин,,,Заболевания вен / Венотоники и ангиопротекторы
Флебодиа 600 таблетки,600 мг ; 30 шт,таблетки,диосмин,,,Заболевания вен / Венотоники и ангиопротекторы
Венарус гель для ног,100 г,гель,троксерутин + аргинин,,,Заболевания вен / Венотоники и ангиопротекторы
Флебодиа 600 таблетки,600 мг ; 15 шт,таблетки,диосмин,,,Заболевания вен / Венотоники и ангиопротекторы
Венарус таблетки +,50 мг ; 450 мг ; 60 шт,таблетки,гесперидин + диосмин,,,Заболевания вен / Венотоники и ангиопротекторы
Флебодиа крем-гель для ног,50 мл,крем-гель,диосмин,,,Заболевания вен / Венотоники и ангиопротекторы
Венарус таблетки +,1000 мг ; 30 шт ; 15 шт,таблетки,гесперидин + диосмин,,,Заболевания вен / Венотоники и ангиопротекторы
Флебодиа крем-гель для ног,100 мл,крем-гель,диосмин,,,Заболевания вен / Венотоники и ангиопротекторы
Венарус таблетки +,50 мг ; 450 мг ; 30 шт,таблетки,гесперидин + диосмин,,,Заболевания вен / Венотоники и ангиопротекторы
Венарус гель для ног,40 г,гель,троксерутин + аргинин,,,Заболевания вен / Венотоники и ангиопротекторы
Пантопразол таблетки,20 мг ; 28 шт,таблетки,пантопразол,,,Пищеварительный тракт / Противоязвенные
Рабепразол-СЗ капсулы,20 мг ; 28 шт,капсулы,рабепразол,,,Пищеварительный тракт / Противоязвенные
Урсосан капсулы,250 мг ; 50 шт,капсулы,урсодезоксихолевая кислота,,,Пищеварительный тракт / Гепатопротекторы
Урсофальк капсулы,250 мг ; 100 шт,капсулы,урсодезоксихолевая кислота,,,Пищеварительный тракт / Гепатопротекторы
Пантопразол-Акрихин таблетки,20 мг ; 30 шт,таблетки,пантопразол,,,Пищеварительный тракт / Противоязвенные
Рабепразол-СЗ капсулы,10 мг ; 28 шт,капсулы,рабепразол,,,Пищеварительный тракт / Противоязвенные
Урсосан капсулы,250 мг ; 100 шт,капсулы,урсодезоксихолевая кислота,,,Пищеварительный тракт / Гепатопротекторы
Урсофальк таблетки,500 мг ; 50 шт,таблетки,урсодезоксихолевая кислота,,,Пищеварительный тракт / Гепатопротекторы
Пантопразол-Акрихин таблетки,40 мг ; 30 шт,таблетки,пантопразол,,,Пищеварительный тракт / Противоязвенные
Рабепразол таблетки,20 мг ; 30 шт,таблетки,рабепразол,,,Пищеварительный тракт / Противоязвенные
Урсосан капсулы,250 мг ; 10 шт,капсулы,урсодезоксихолевая кислота,,,Пищеварительный тракт / Гепатопротекторы
Урсофальк капсулы,250 мг ; 50 шт,капсулы,урсодезоксихолевая кислота,,,Пищеварительный тракт / Гепатопротекторы
Пантопразол таблетки,20 мг ; 28 шт,таблетки,пантопразол,,,Пищеварительный тракт / Противоязвенные
Рабепразол-ВЕРТЕКС капсулы,10 мг ; 28 шт,капсулы,рабепразол,,,Пищеварительный тракт / Противоязвенные
